Title_1,Title_2,Price,Part_1,Model_2
Acer 11 C721-61PJ Chromebook LCD Panel,Replacement Laptop LCD LED Screen Display Monitor,50, KL.0C721.SV1,Acer C721-61PJ
Acer 11 C721-61PJ Chromebook LCD Panel,Replacement Laptop LCD LED Screen Display Monitor,50, KL.0C721.SV1,Acer C721-61PJ
Acer R753TN 11-inch LCD Touchscreen Module (Stylus Compatible),Replacement Laptop LCD LED Screen Display Monitor,103.99, 6M.ABZN7.002,Acer R753TN
Acer 12 C871T Chromebook Touch LCD Panel,Replacement Laptop LCD LED Screen Display Monitor,149.99, KL.12005.004,Acer C871T
Acer 13 CP713-3W Chromebook LCD Touchscreen Digitizer Module,Replacement Laptop LCD LED Screen Display Monitor,224.99, 6M.A6XN7.001,Acer CP713
Acer 14 CB314-1HT Chromebook LCD Touch Panel - NEW,Replacement Laptop LCD LED Screen Display Monitor,169.99, KL.14005.048,Acer CB314-1HT
Acer 11 311 R722T-K95L Chromebook LCD Touchscreen Module,Replacement Laptop LCD LED Screen Display Monitor,100.99, 6M.AZCN7.001,Acer 311 R722T
Acer 11 C732T Chromebook LCD Touch Panel,Replacement Laptop LCD LED Screen Display Monitor,112.99, KL.C732T.SV1,Acer C732T
Acer 14 C933T Chromebook LCD Touch Panel,Replacement Laptop LCD LED Screen Display Monitor,110.99, KL.14005.049,Acer C933T-C0C1
Acer R753T 11-inch LCD Touchscreen (40-pin),Replacement Laptop LCD LED Screen Display Monitor,103.99, 6M.A8ZN7.007,Acer R753T
Acer 11 311 C733T Chromebook LCD Touch Panel,Replacement Laptop LCD LED Screen Display Monitor,112.99, KL.0C733.TSV,Acer 311 C733T
Acer R753T 11-inch LCD Touchscreen (30-pin),Replacement Laptop LCD LED Screen Display Monitor,97.99, 6M.A8ZN7.001,Acer R753T
Acer 11 R752T-C2YP Chromebook LCD Assembly,Replacement Laptop LCD LED Screen Display Monitor,169.99,,Acer R752T
Acer R753T 11-inch LCD Touchscreen (30-pin),Replacement Laptop LCD LED Screen Display Monitor,97.99, 6M.A8ZN7.001,Acer R753T
Acer 13 CB5-312T Chromebook LCD Touchscreen Digitizer Module,Replacement Laptop LCD LED Screen Display Monitor,214.99, 6M.GHPN7.001,Acer CB5-312T
Acer 11 C730E Chromebook LCD Panel - GRADE A,Replacement Laptop LCD LED Screen Display Monitor,50, KL.C730E.SV1,Acer C730E
Acer 11 C731T Chromebook LCD Touch Panel,Replacement Laptop LCD LED Screen Display Monitor,84.99," 5D10K85106, 5D10M56008, KL.11605.039",Acer C731T
Acer 11 C731 Chromebook LCD Panel - GRADE A,Replacement Laptop LCD LED Screen Display Monitor,50, KL.11608.005,Acer C731
Acer 11 C740 Chromebook LCD Assembly,Replacement Laptop LCD LED Screen Display Monitor,89.99,,Acer C740
Acer 11 CB311 Chromebook LCD Touch Panel,Replacement Laptop LCD LED Screen Display Monitor,84.99," 5D10K85106, 5D10M56008, KL.11605.039",Acer CB311
Acer 11 CB3-111 Chromebook LCD Panel - GRADE A,Replacement Laptop LCD LED Screen Display Monitor,50, B0117ZBYRY,Acer CB3-111
Acer 15 CB3-532 Chromebook LCD Assembly,Replacement Laptop LCD LED Screen Display Monitor,109.99,,Acer CB3-532
Acer 712 C871 Chromebook LCD Panel,Replacement Laptop LCD LED Screen Display Monitor,72.99," B120XAN01.0, KL.0C871.SV1",Acer C871
Acer 11 CB3-131 Chromebook LCD Panel - GRADE A,Replacement Laptop LCD LED Screen Display Monitor,50, KL.CB313.1SV,Acer CB3-131
Acer 11 311 C733 Chromebook LCD Panel - NEW,Replacement Laptop LCD LED Screen Display Monitor,50, KL.0C733.SV1,Acer 311 C733
Acer 11 C771T Chromebook LCD Touch Panel,Replacement Laptop LCD LED Screen Display Monitor,109.99, KL.11605.039,Acer C771T
Acer 11 C738T Chromebook LCD Touchscreen Digitizer Module,Replacement Laptop LCD LED Screen Display Monitor,99.99, 6M.G55N7.001,Acer C738T
Acer 11 C771 Chromebook LCD Panel - NEW,Replacement Laptop LCD LED Screen Display Monitor,50, KL.1160D.001,Acer C771
Acer 11 CB311 Chromebook LCD Touch Panel,Replacement Laptop LCD LED Screen Display Monitor,109.99, KL.11605.039,Acer CB311
"Acer 11 CB5-132T Chromebook LCD Touchscreen Digitizer Module, Black",Replacement Laptop LCD LED Screen Display Monitor,99.99, 6M.G55N7.001,Acer CB5-132T
Acer 11 CB311-9H Chromebook LCD Panel - New,Replacement Laptop LCD LED Screen Display Monitor,50, KL.CB311.9HX,Acer CB311-9H
Acer 11 C740 Chromebook LCD Panel,Replacement Laptop LCD LED Screen Display Monitor,72.99, KL.11605.034,Acer C740
Acer Tab 10 Tablet Chromebook LCD Touchscreen Digitizer Module (With LCD Cable),Replacement Laptop LCD LED Screen Display Monitor,249.99, 6M.H0BN7.002,Acer Tab 10 Tablet
Acer 11 C721-61PJ Chromebook LCD Panel - NEW,Replacement Laptop LCD LED Screen Display Monitor,50, KL.0C721.SV1,Acer C721-61PJ
"Acer 11 C732T Chromebook LCD Touch Panel, Glossy - PULL",Replacement Laptop LCD LED Screen Display Monitor,50, KL.11605.044,Acer C732T
Acer 11 R752T Chromebook LCD Touchscreen Module,Replacement Laptop LCD LED Screen Display Monitor,103.99," 6M.H90N7.SV1, 6M.H90N7.001, 6M.H90N7.003",Acer R752T
Acer 11 C731T Chromebook LCD Touch Panel,Replacement Laptop LCD LED Screen Display Monitor,84.99," 5D10K85106, 5D10M56008, KL.11605.039",Acer C731T
Acer 11 C731 Chromebook LCD Panel - GRADE A,Replacement Laptop LCD LED Screen Display Monitor,50, KL.11608.005,Acer C731
Acer 11 C740 Chromebook LCD Assembly,Replacement Laptop LCD LED Screen Display Monitor,89.99,,Acer C740
Acer 11 CB311 Chromebook LCD Touch Panel,Replacement Laptop LCD LED Screen Display Monitor,84.99," 5D10K85106, 5D10M56008, KL.11605.039",Acer CB311
Acer 11 CB3-111 Chromebook LCD Panel - GRADE A,Replacement Laptop LCD LED Screen Display Monitor,50, B0117ZBYRY,Acer CB3-111
Acer 15 CB3-532 Chromebook LCD Assembly,Replacement Laptop LCD LED Screen Display Monitor,109.99,,Acer CB3-532
Acer 712 C871 Chromebook LCD Panel,Replacement Laptop LCD LED Screen Display Monitor,72.99," B120XAN01.0, KL.0C871.SV1",Acer C871
Acer 11 CB3-131 Chromebook LCD Panel - GRADE A,Replacement Laptop LCD LED Screen Display Monitor,50, KL.CB313.1SV,Acer CB3-131
Acer 11 C731T Chromebook LCD Assembly,Replacement Laptop LCD LED Screen Display Monitor,149.99,,Acer C731T
Acer 11 C720 Chromebook LCD Panel - NEW,Replacement Laptop LCD LED Screen Display Monitor,50, KL.1160E.003,Acer C720
Acer 11 CB311 Chromebook LCD Panel - GRADE A,Replacement Laptop LCD LED Screen Display Monitor,50, KL.CB311.7HX,Acer CB311
Acer 11 C730E Chromebook LCD Assembly,Replacement Laptop LCD LED Screen Display Monitor,89.99,,Acer C730E
Acer 11 C731 Chromebook LCD Panel - NEW,Replacement Laptop LCD LED Screen Display Monitor,50, KL.0C731.SV1,Acer C731
Acer 11 C732 Chromebook LCD Panel - GRADE A,Replacement Laptop LCD LED Screen Display Monitor,50, KL.0C732.SV1,Acer C732
Acer 11 R751T Chromebook LCD Assembly,Replacement Laptop LCD LED Screen Display Monitor,199.99,,Acer R751T
Acer 11 CB3-111 Chromebook LCD Panel - NEW,Replacement Laptop LCD LED Screen Display Monitor,50, B0117ZBYRY,Acer CB3-111
Acer 11 311 C733 Chromebook LCD Panel - GRADE A,Replacement Laptop LCD LED Screen Display Monitor,50, KL.0C733.SV1,Acer 311 C733
Acer 11 C731 Chromebook LCD Assembly,Replacement Laptop LCD LED Screen Display Monitor,99.99,,Acer C731
Acer 11 CB3-131 Chromebook LCD Panel - NEW,Replacement Laptop LCD LED Screen Display Monitor,50, KL.11605.036,Acer CB3-131
Acer 11 CB311-9H Chromebook LCD Panel - GRADE A,Replacement Laptop LCD LED Screen Display Monitor,50, KL.CB311.9HX,Acer CB311-9H
Acer 11 R751T Chromebook LCD Touchscreen Digitizer Module,Replacement Laptop LCD LED Screen Display Monitor,90.99, 6M.GPZN7.001,Acer R751T
"Acer 11 CB311 Chromebook LCD Panel, Non-Touch - NEW",Replacement Laptop LCD LED Screen Display Monitor,50, KL.1160D.012,Acer CB311
Acer 11 C721-61PJ Chromebook LCD Panel - GRADE A,Replacement Laptop LCD LED Screen Display Monitor,50, KL.0C721.SV1,Acer C721-61PJ
Asus 11 CR1 Non-Touch Chromebook LCD Panel,Replacement Laptop LCD LED Screen Display Monitor,50,,Asus CR1100CKA
Asus 11 C203XA Chromebook LCD Panel,Replacement Laptop LCD LED Screen Display Monitor,50, 18010-11601200,Asus C203XA
Asus 11 C204MA Chromebook LCD Panel,Replacement Laptop LCD LED Screen Display Monitor,50, 18010-11601200,Asus C204MA
"Asus 11 CR1 Chromebook Touchscreen Digitizer Module (30-pin, Stylus Compatible)",Replacement Laptop LCD LED Screen Display Monitor,103.99, 90NX03E1-R20010,Asus CR1100FKA
"Asus 13 C300 Chromebook LCD Assembly, Red/White",Replacement Laptop LCD LED Screen Display Monitor,99.99,,Asus C300
Asus 11 C223N Chromebook LCD Panel - NEW,Replacement Laptop LCD LED Screen Display Monitor,50, 18010-11601200,Asus C223N
"Asus 13 C300 Chromebook LCD Assembly, Black",Replacement Laptop LCD LED Screen Display Monitor,99.99,,Asus C300
Asus 11 CX22NA Chromebook LCD Panel - NEW,Replacement Laptop LCD LED Screen Display Monitor,50, 18010-11601200,Asus CX22NA
Asus 11 C202SA Chromebook LCD Assembly,Replacement Laptop LCD LED Screen Display Monitor,99.99,,Asus C202SA
Asus 15 C523N Chromebook LCD Panel,Replacement Laptop LCD LED Screen Display Monitor,99.99, NT156WHM-N45,Asus C523N
Asus 11 C200MA Chromebook LCD Assembly,Replacement Laptop LCD LED Screen Display Monitor,59.99,,Asus C200MA
"Asus 11 C213SA Chromebook LCD Touch Panel, Glossy - PULL",Replacement Laptop LCD LED Screen Display Monitor,50, 18100-11601200,Asus C213SA
"Asus 11 C202SA Chromebook LCD Assembly, Dark Gray",Replacement Laptop LCD LED Screen Display Monitor,99.99,,Asus C202SA
Asus 11 C214MA Chromebook Touch Panel - New,Replacement Laptop LCD LED Screen Display Monitor,54, 18100-11601200,Asus C214MA
Asus 14 C433TA Chromebook LCD Touchscreen Digitizer Module,Replacement Laptop LCD LED Screen Display Monitor,130.99, 90NX02G1-R20010,Asus C433TA
Asus 11 C202SA Chromebook LCD Panel - PULL,Replacement Laptop LCD LED Screen Display Monitor,50, 18010-11601200,Asus C202SA
Asus 11 C200MA Chromebook LCD Panel - NEW,Replacement Laptop LCD LED Screen Display Monitor,50, KL.11608.005,Asus C200MA
Asus 11 C201PA Chromebook LCD Panel - PULL,Replacement Laptop LCD LED Screen Display Monitor,50, 18010-11601200,Asus C201PA
Asus 11 CX1100 Chromebook LCD Panel - NEW,Replacement Laptop LCD LED Screen Display Monitor,50, 18010-11622300,Asus CX1100
Asus 11 C204E Chromebook LCD Panel - PULL,Replacement Laptop LCD LED Screen Display Monitor,50, 18010-11601200,Asus C204E
Asus 11 C203XA Chromebook LCD Panel - NEW,Replacement Laptop LCD LED Screen Display Monitor,50, 18010-11621100,Asus C203XA
Asus 11 C223N Chromebook LCD Panel - PULL,Replacement Laptop LCD LED Screen Display Monitor,50, 18010-11601200,Asus C223N
Asus 11 CX1100 Chromebook LCD Panel - GRADE A,Replacement Laptop LCD LED Screen Display Monitor,50, 18010-11622300,Asus CX1100
Asus 11 CX22NA Chromebook LCD Panel - PULL,Replacement Laptop LCD LED Screen Display Monitor,50, 18010-11601200,Asus CX22NA
Asus 11 CX22NA Chromebook LCD Panel - NEW,Replacement Laptop LCD LED Screen Display Monitor,50, 18010-11601200,Asus CX22NA
Asus 11 C202SA Chromebook LCD Assembly,Replacement Laptop LCD LED Screen Display Monitor,99.99,,Asus C202SA
Asus 15 C523N Chromebook LCD Panel,Replacement Laptop LCD LED Screen Display Monitor,99.99, NT156WHM-N45,Asus C523N
Asus 11 C200MA Chromebook LCD Assembly,Replacement Laptop LCD LED Screen Display Monitor,59.99,,Asus C200MA
"Asus 11 C213SA Chromebook LCD Touch Panel, Glossy - PULL",Replacement Laptop LCD LED Screen Display Monitor,50, 18100-11601200,Asus C213SA
Asus 11 C213SA Chromebook LCD Assembly,Replacement Laptop LCD LED Screen Display Monitor,199.99,,Asus C213SA
"Asus 11 C214MA Chromebook Touch Panel, Glossy - Pull",Replacement Laptop LCD LED Screen Display Monitor,50, 18100-11601200,Asus C214MA
Asus 10 C100PA Chromebook LCD Assembly,Replacement Laptop LCD LED Screen Display Monitor,199.99,,Asus C100PA
Asus 11 C213SA Chromebook LCD Touch Panel - NEW,Replacement Laptop LCD LED Screen Display Monitor,54, 18100-11601200,Asus C213SA
Dell 14 Latitude 5420 Laptop Non-Touch LCD Screen,Replacement Laptop LCD LED Screen Display Monitor,139.99, 0GC2FN,Dell Latitude 5420
Dell 11 3110 Chromebook LCD Panel - GRADE A,Replacement Laptop LCD LED Screen Display Monitor,50, 0WCDNH,Dell 3110
Dell 11 3110 Chromebook LCD Panel - NEW,Replacement Laptop LCD LED Screen Display Monitor,50, 0MWDNF,Dell 3110
"Dell 11 3110 Touch Chromebook LCD Touch Panel, 40-Pin, Glossy - NEW",Replacement Laptop LCD LED Screen Display Monitor,54, 0GJP4P,Dell 3110 Touch
Dell 3190 2-in-1 LCD Screen,Replacement Laptop LCD LED Screen Display Monitor,103.99, 0KYV20,Dell 3190
"Dell 11 3110 Touch Chromebook LCD Touch Panel, 40-Pin, Glossy - PULL",Replacement Laptop LCD LED Screen Display Monitor,50, 0GJP4P,Dell 3110 Touch
Dell 11 3110 2-in-1 Chromebook LCD Module,Replacement Laptop LCD LED Screen Display Monitor,125.99," 0KY8GR, 0X1M23, 03NM8D",Dell 3110 2-in-1
Dell 11 3100 2 in 1 Chromebook LCD Touchscreen Assembly,Replacement Laptop LCD LED Screen Display Monitor,115.99, 0MFX94,Dell 3100 2- in-1
Dell 11 3100 Non-touch Chromebook LCD Panel - GRADE A,Replacement Laptop LCD LED Screen Display Monitor,50, 0D3KWT,Dell 3100
Dell 11 3100 2-in-1 Chromebook LCD Touchscreen Module (Stylus Compatible),Replacement Laptop LCD LED Screen Display Monitor,136.99, FHMWH,Dell 3100 2-in-1
Dell 11 3181 Chromebook LCD Panel - GRADE A,Replacement Laptop LCD LED Screen Display Monitor,50, 0TCP4G,Dell 3181
Dell 11 3100 2-in-1 Chromebook LCD Touchscreen Module,Replacement Laptop LCD LED Screen Display Monitor,98.99, 0MFX94,Dell 3100 2-in-1
Dell 11 3100 Non-touch Chromebook LCD Panel - NEW,Replacement Laptop LCD LED Screen Display Monitor,50, 0D3KWT,Dell 3100
Dell 13 3380 Chromebook LCD Assembly,Replacement Laptop LCD LED Screen Display Monitor,199.99,,Dell 3380
Dell 11 3181 Chromebook LCD Panel - NEW,Replacement Laptop LCD LED Screen Display Monitor,50, 0TCP4G,Dell 3181
Dell 11 5190 Chromebook LCD Assembly,Replacement Laptop LCD LED Screen Display Monitor,119.99,,Dell 5190
Dell 11 3120 Chromebook LCD Panel - NEW,Replacement Laptop LCD LED Screen Display Monitor,50, 00HT716,Dell 3120
Dell 11 3120 Chromebook LCD Assembly,Replacement Laptop LCD LED Screen Display Monitor,114.99, 3WXT4,Dell 3120
Dell 11 5190 Education Chromebook LCD Panel - NEW,Replacement Laptop LCD LED Screen Display Monitor,50, 0TCP4G,Dell 5190 Education
Dell 11 3180 Chromebook LCD Assembly,Replacement Laptop LCD LED Screen Display Monitor,99.99,,Dell 3180
Dell 11 CB1C13 Chromebook LCD Panel - NEW,Replacement Laptop LCD LED Screen Display Monitor,50, 04RY6J,Dell CB1C13
Dell 11 5190 (2-in-1 WFC) LCD Touchscreen Assembly,Replacement Laptop LCD LED Screen Display Monitor,199.99, ZBDZ05,Dell 5190 (2-in-1 WFC)
Dell 11 3180 Chromebook LCD Panel - GRADE A,Replacement Laptop LCD LED Screen Display Monitor,50, 0TCP4G,Dell 3180
Dell 11 3100 Chromebook LCD Touchscreen Assembly,Replacement Laptop LCD LED Screen Display Monitor,199.99,,Dell 3100 Touch
"Dell 11 3100 Touch Chromebook LCD Touch Panel, 40-Pin - NEW",Replacement Laptop LCD LED Screen Display Monitor,54, 01JCKW,Dell 3100 Touch
Dell 11 3189 Chromebook LCD Assembly,Replacement Laptop LCD LED Screen Display Monitor,199.99, 4WT7Y,Dell 3189
Dell 11 5190 (Non-touch) Chromebook LCD Panel - NEW,Replacement Laptop LCD LED Screen Display Monitor,50, B00N156IMU,Dell 5190
"Dell 11 3120 Chromebook LCD Assembly, Touch",Replacement Laptop LCD LED Screen Display Monitor,79.99, 3JM6N,Dell 3120
Dell 11 3100 Non-touch Chromebook LCD Panel - NEW,Replacement Laptop LCD LED Screen Display Monitor,50, 0D3KWT,Dell 3100
Dell 13 3380 Chromebook LCD Assembly,Replacement Laptop LCD LED Screen Display Monitor,199.99,,Dell 3380
Dell 11 3181 Chromebook LCD Panel - NEW,Replacement Laptop LCD LED Screen Display Monitor,50, 0TCP4G,Dell 3181
Dell 11 5190 Chromebook LCD Assembly,Replacement Laptop LCD LED Screen Display Monitor,119.99,,Dell 5190
Dell 11 3120 Chromebook LCD Panel - NEW,Replacement Laptop LCD LED Screen Display Monitor,50, 00HT716,Dell 3120
Dell 11 3120 Chromebook LCD Assembly,Replacement Laptop LCD LED Screen Display Monitor,114.99, 3WXT4,Dell 3120
Dell 11 5190 Education Chromebook LCD Panel - NEW,Replacement Laptop LCD LED Screen Display Monitor,50, 0TCP4G,Dell 5190 Education
Dell 11 3180 Chromebook LCD Assembly,Replacement Laptop LCD LED Screen Display Monitor,99.99,,Dell 3180
Dell 11 CB1C13 Chromebook LCD Panel - NEW,Replacement Laptop LCD LED Screen Display Monitor,50, 04RY6J,Dell CB1C13
Dell 11 5190 (2-in-1 WFC) LCD Touchscreen Assembly,Replacement Laptop LCD LED Screen Display Monitor,199.99, ZBDZ05,Dell 5190 (2-in-1 WFC)
Dell 11 3180 Chromebook LCD Panel - GRADE A,Replacement Laptop LCD LED Screen Display Monitor,50, 0TCP4G,Dell 3180
HP Fortis 14 G10 Chromebook Non-Touch LCD Panel,Replacement Laptop LCD LED Screen Display Monitor,82.99, M02093-R91,HP Fortis G10
HP 14 G5 (AMD) Chromebook LCD Touch Panel,Replacement Laptop LCD LED Screen Display Monitor,159.99, L46553-001,HP G5 (AMD)
"HP 11 G9 EE Touch (Intel) Chromebook LCD Touch Panel, Glossy - NEW",Replacement Laptop LCD LED Screen Display Monitor,54, M47377-001,HP G9 EE Touch (Intel)
"HP 11 G9 EE Touch (Intel) Chromebook LCD Touch Panel, Glossy - PULL",Replacement Laptop LCD LED Screen Display Monitor,50, M47377-001,HP G9 EE Touch (Intel)
"HP 11 G6 EE Chromebook LCD Touch Panel, 40-Pin, Glossy - PULL",Replacement Laptop LCD LED Screen Display Monitor,50, L14918-001,HP G6 EE
HP Fortis 14 G10 Chromebook Touch LCD Panel,Replacement Laptop LCD LED Screen Display Monitor,129.99, N01954-001,HP Fortis 14 G10
HP 11 G9 EE (Intel) Chromebook LCD Panel - GRADE A,Replacement Laptop LCD LED Screen Display Monitor,50, M47375-001,HP G9 EE (Intel)
HP 11 G9 EE (Intel) Chromebook LCD Panel - NEW,Replacement Laptop LCD LED Screen Display Monitor,50, M47375-001,HP G9 EE (Intel)
HP 11 G9 EE (Intel) Chromebook LCD Touch Panel,Replacement Laptop LCD LED Screen Display Monitor,112.99, M44257-001,HP G9 EE Touch (Intel)
HP 14 14A-NA006ZDX Non-Touch Chromebook LCD Panel,Replacement Laptop LCD LED Screen Display Monitor,99.99, L91591-001,HP 14A-NA006ZDX
HP 14 G7 Touch Chromebook LCD Panel,Replacement Laptop LCD LED Screen Display Monitor,73.99, M47193-001,HP G7
HP 14 DB-0050NR Non-Touch Chromebook LCD Panel,Replacement Laptop LCD LED Screen Display Monitor,104.99, L46548-001,HP HP 14-DB Series
HP 14 x360 14c-ca0 Chromebook LCD Touchscreen Digitizer Module,Replacement Laptop LCD LED Screen Display Monitor,159.99, M00317-001,HP x360 14
HP 14 x360 Chromebook LCD Touchscreen Digitizer Module,Replacement Laptop LCD LED Screen Display Monitor,171.99, L77984-001,HP x360 14
HP 11 V-Series Chromebook LCD Panel - NEW,Replacement Laptop LCD LED Screen Display Monitor,50, 762229-007,HP V-Series
HP 11 G7 EE Chromebook LCD Panel - GRADE A,Replacement Laptop LCD LED Screen Display Monitor,50, L52563-001,HP G7 EE
"HP 11 G5 EE Chromebook LCD Touch Panel, 40-Pin, Glossy - PULL",Replacement Laptop LCD LED Screen Display Monitor,50, 912370-003,HP G5 EE
HP 11 x360 G3 EE Chromebook LCD Touchscreen Module (Finger-Touch Only),Replacement Laptop LCD LED Screen Display Monitor,124.99, L92337-001,HP x360 G3 EE
HP 11 G6 EE Chromebook LCD Panel - NEW,Replacement Laptop LCD LED Screen Display Monitor,50," NT116WHM-N21, N116BGE-EA2, L14917-001",HP G6 EE
HP 11 G8 EE (AMD) Chromebook LCD Panel - GRADE A,Replacement Laptop LCD LED Screen Display Monitor,50, L92826-001,HP G8 EE (AMD)
"HP 11 G7 EE Touch Chromebook LCD Touch Panel, Glossy - Pull",Replacement Laptop LCD LED Screen Display Monitor,50, L52562-001,HP G7 EE Touch
HP 11 x360 G3 EE (MediaTek) Chromebook LCD Touchscreen Module (Finger-Touch Only),Replacement Laptop LCD LED Screen Display Monitor,124.99, L92337-001,HP x360 G3 EE (MediaTek)
HP 11 G7 EE Chromebook LCD Panel - NEW,Replacement Laptop LCD LED Screen Display Monitor,50, L52563-001,HP G7 EE
HP 11 G8 EE (Intel) Chromebook LCD Panel - GRADE A,Replacement Laptop LCD LED Screen Display Monitor,50, 759594-3J3,HP G8 EE (Intel)
HP 14 G6 Touch LCD Panel - NEW,Replacement Laptop LCD LED Screen Display Monitor,50.99, L90431-001,HP G6 14 Touch
HP 11 G4 EE Chromebook LCD Assembly,Replacement Laptop LCD LED Screen Display Monitor,79.99,,HP G4 EE
HP 14 G5 (AMD) Touch LCD Panel - NEW,Replacement Laptop LCD LED Screen Display Monitor,114.99, L46553-001,HP 14 G5 (AMD)
HP 11 G4 EE Chromebook LCD Panel - GRADE A,Replacement Laptop LCD LED Screen Display Monitor,50, 822630-001,HP G4 EE
HP 11 G2 Chromebook LCD Panel,Replacement Laptop LCD LED Screen Display Monitor,64.99," 04W1594, B116XW03, 00HM194",HP G2
HP 14 G4 Chromebook LCD Assembly,Replacement Laptop LCD LED Screen Display Monitor,149.99, 830015-001,HP G4 14
HP 11 G5 Chromebook LCD Panel - NEW,Replacement Laptop LCD LED Screen Display Monitor,50, 762229-007,HP G5 11
HP 11 G5 EE Chromebook LCD Panel - GRADE A,Replacement Laptop LCD LED Screen Display Monitor,50, 912370-003,HP G5 EE
HP 14 G6 Non-Touch LCD Panel - PULL,Replacement Laptop LCD LED Screen Display Monitor,50, L90428-001,HP G6 14
HP 11 x360 G1 EE Chromebook LCD Assembly (Finger-touch only),Replacement Laptop LCD LED Screen Display Monitor,179.99, 928588-001,HP x360 G1 EE
HP 11 G4 EE Chromebook LCD Panel - NEW,Replacement Laptop LCD LED Screen Display Monitor,50, 822629-001,HP G4 EE
HP 11 V-Series Chromebook LCD Panel - GRADE A,Replacement Laptop LCD LED Screen Display Monitor,50, 4RY6J,HP V-Series
HP 14 G5 (AMD) Touch LCD Panel - NEW,Replacement Laptop LCD LED Screen Display Monitor,114.99, L46553-001,HP 14 G5 (AMD)
HP 11 G4 EE Chromebook LCD Panel - GRADE A,Replacement Laptop LCD LED Screen Display Monitor,50, 822630-001,HP G4 EE
HP 11 G2 Chromebook LCD Panel,Replacement Laptop LCD LED Screen Display Monitor,64.99," 04W1594, B116XW03, 00HM194",HP G2
HP 14 G4 Chromebook LCD Assembly,Replacement Laptop LCD LED Screen Display Monitor,149.99, 830015-001,HP G4 14
HP 11 G5 Chromebook LCD Panel - NEW,Replacement Laptop LCD LED Screen Display Monitor,50, 762229-007,HP G5 11
HP 11 G5 EE Chromebook LCD Panel - GRADE A,Replacement Laptop LCD LED Screen Display Monitor,50, 912370-003,HP G5 EE
HP 14 G6 Non-Touch LCD Panel - PULL,Replacement Laptop LCD LED Screen Display Monitor,50, L90428-001,HP G6 14
HP 11 x360 G1 EE Chromebook LCD Assembly (Finger-touch only),Replacement Laptop LCD LED Screen Display Monitor,179.99, 928588-001,HP x360 G1 EE
HP 11 G4 EE Chromebook LCD Panel - NEW,Replacement Laptop LCD LED Screen Display Monitor,50, 822629-001,HP G4 EE
HP 11 V-Series Chromebook LCD Panel - GRADE A,Replacement Laptop LCD LED Screen Display Monitor,50, 4RY6J,HP V-Series
HP 14 G6 Non-Touch LCD Panel - NEW,Replacement Laptop LCD LED Screen Display Monitor,111.99, L90428-001,HP G6 14
"HP 11 G5 Chromebook LCD Assembly, Non-Touch",Replacement Laptop LCD LED Screen Display Monitor,89.99, 762229-007,HP G5 11
HP 14 G5 (Intel) Touch LCD Panel - NEW,Replacement Laptop LCD LED Screen Display Monitor,74.99, L14350-001,HP G5 14
HP 11 G5 Chromebook LCD Panel - GRADE A,Replacement Laptop LCD LED Screen Display Monitor,50, 762229-007,HP G5 11
HP 14 G6 Touch LCD Panel - NEW,Replacement Laptop LCD LED Screen Display Monitor,50.99, L90431-001,HP G6 14 Touch
HP 11 G4 EE Chromebook LCD Assembly,Replacement Laptop LCD LED Screen Display Monitor,79.99,,HP G4 EE
HP 14 G5 (AMD) Touch LCD Panel - NEW,Replacement Laptop LCD LED Screen Display Monitor,114.99, L46553-001,HP 14 G5 (AMD)
HP 11 G4 EE Chromebook LCD Panel - GRADE A,Replacement Laptop LCD LED Screen Display Monitor,50, 822630-001,HP G4 EE
HP 11 G2 Chromebook LCD Panel,Replacement Laptop LCD LED Screen Display Monitor,64.99," 04W1594, B116XW03, 00HM194",HP G2
HP 14 G4 Chromebook LCD Assembly,Replacement Laptop LCD LED Screen Display Monitor,149.99, 830015-001,HP G4 14
HP 11 G5 Chromebook LCD Panel - NEW,Replacement Laptop LCD LED Screen Display Monitor,50, 762229-007,HP G5 11
HP 11 G5 EE Chromebook LCD Panel - GRADE A,Replacement Laptop LCD LED Screen Display Monitor,50, 912370-003,HP G5 EE
HP 14 G6 Non-Touch LCD Panel - PULL,Replacement Laptop LCD LED Screen Display Monitor,50, L90428-001,HP G6 14
HP 11 x360 G1 EE Chromebook LCD Assembly (Finger-touch only),Replacement Laptop LCD LED Screen Display Monitor,179.99, 928588-001,HP x360 G1 EE
HP 11 G5 Chromebook LCD Panel - NEW,Replacement Laptop LCD LED Screen Display Monitor,50, 762229-007,HP G5 11
HP 11 G5 EE Chromebook LCD Panel - GRADE A,Replacement Laptop LCD LED Screen Display Monitor,50, 912370-003,HP G5 EE
HP 14 G6 Non-Touch LCD Panel - PULL,Replacement Laptop LCD LED Screen Display Monitor,50, L90428-001,HP G6 14
HP 11 x360 G1 EE Chromebook LCD Assembly (Finger-touch only),Replacement Laptop LCD LED Screen Display Monitor,179.99, 928588-001,HP x360 G1 EE
HP 11 G4 EE Chromebook LCD Panel - NEW,Replacement Laptop LCD LED Screen Display Monitor,50, 822629-001,HP G4 EE
HP 11 V-Series Chromebook LCD Panel - GRADE A,Replacement Laptop LCD LED Screen Display Monitor,50, 4RY6J,HP V-Series
HP 14 G6 Non-Touch LCD Panel - NEW,Replacement Laptop LCD LED Screen Display Monitor,111.99, L90428-001,HP G6 14
"HP 11 G5 Chromebook LCD Assembly, Non-Touch",Replacement Laptop LCD LED Screen Display Monitor,89.99, 762229-007,HP G5 11
HP 11 G5 EE Chromebook LCD Panel - NEW,Replacement Laptop LCD LED Screen Display Monitor,50, 912370-003,HP G5 EE
HP 11 G6 EE Chromebook LCD Panel - GRADE A,Replacement Laptop LCD LED Screen Display Monitor,50, L14917-001,HP G6 EE
"HP 11 G8 EE Touch (AMD) Chromebook LCD Touch Panel, Glossy - Pull",Replacement Laptop LCD LED Screen Display Monitor,50, L92828-001,HP G8 EE Touch (AMD)
HP 14 x360 Chromebook LCD Touchscreen Digitizer Module,Replacement Laptop LCD LED Screen Display Monitor,171.99, L77984-001,HP x360 14
HP 11 G8 EE (Intel) Chromebook LCD Panel - NEW,Replacement Laptop LCD LED Screen Display Monitor,50, L89783-001,HP G8 EE (Intel)
HP 11 G9 EE MK Chromebook LCD Screen - GRADE A,Replacement Laptop LCD LED Screen Display Monitor,50, M44255-001,HP G9 EE MK
"HP 11 G5 EE Chromebook LCD Touch Panel, 40-Pin - NEW",Replacement Laptop LCD LED Screen Display Monitor,54, 912370-003,HP G5 EE
HP 11 x360 G1 EE Chromebook LCD Touchscreen Digitizer Module (Stylus-compatible),Replacement Laptop LCD LED Screen Display Monitor,169.99, 928587-001,HP x360 G1 EE
HP 11A-NB0013DX Chromebook LCD Panel - NEW,Replacement Laptop LCD LED Screen Display Monitor,50, L99858-001,HP 11A-NB0013DX
HP 11 11A-NA0010NR Chromebook LCD Panel - GRADE A,Replacement Laptop LCD LED Screen Display Monitor,50, M15719-001,HP 11A-NA0010NR
"HP 11 G6 EE Chromebook LCD Touch Panel, 40-Pin - NEW",Replacement Laptop LCD LED Screen Display Monitor,54, L14918-001,HP G6 EE
Lenovo 11 500e Gen 3 Chromebook LCD Touchscreen Digitizer Module (Stylus Compatible),Replacement Laptop LCD LED Screen Display Monitor,279.99," 5D11C95886,5D11M35206",Lenovo 500e Gen 3
Lenovo 11 100e Gen 4 (MediaTek) Chromebook LCD Panel - NEW,Replacement Laptop LCD LED Screen Display Monitor,50, 5D10Z90322,Lenovo 100e Gen 4 (MediaTek)
Lenovo 11 100e Gen 4 (MediaTek) Chromebook LCD Panel - GRADE A,Replacement Laptop LCD LED Screen Display Monitor,50, 5D10Z90322,Lenovo 100e Gen 4 (MediaTek)
Lenovo 11 100e Gen 3 (Intel) Chromebook LCD Panel - GRADE A,Replacement Laptop LCD LED Screen Display Monitor,50, 5D10Z90322,Lenovo 100e Gen 3 (Intel)
Lenovo 15 C340-15 Chromebook Touch LCD Module,Replacement Laptop LCD LED Screen Display Monitor,395.99, 5D10S39584,Lenovo C340
Lenovo 11 100e Gen 3 (Intel) Chromebook LCD Panel - NEW,Replacement Laptop LCD LED Screen Display Monitor,50, 5D10Z90322,Lenovo 100e Gen 3 (Intel)
Lenovo 11 300e Gen 2 (Intel) Chromebook LCD Touchscreen (6-pin Gyro),Replacement Laptop LCD LED Screen Display Monitor,133.99, 5D10Y67266,Lenovo 300e Gen 2
Lenovo 15 C340 Chromebook LCD Assembly,Replacement Laptop LCD LED Screen Display Monitor,249.99, 5D10S39584,Lenovo C340
"Lenovo 14 N42 Chromebook LCD Assembly, Non-Touch Version",Replacement Laptop LCD LED Screen Display Monitor,119.99,,Lenovo N42
Lenovo 14 N42 Non-Touch LCD Panel - NEW,Replacement Laptop LCD LED Screen Display Monitor,50, 5D10G95364,Lenovo N42
Lenovo 11 100e Gen 3 (AMD) Chromebook LCD Panel - NEW,Replacement Laptop LCD LED Screen Display Monitor,50, 5D10Z77954,Lenovo 100e Gen 3 (AMD)
Lenovo 11 X131E Chromebook LCD Panel,Replacement Laptop LCD LED Screen Display Monitor,64.99," 04W1594, B116XW03, 00HM194",Lenovo X131E
Lenovo 11 N23 Chromebook LCD Panel - NEW,Replacement Laptop LCD LED Screen Display Monitor,50, 5D10H34773,Lenovo N23
Lenovo 11 100e Gen 2 (Intel) Chromebook LCD Panel - GRADE A,Replacement Laptop LCD LED Screen Display Monitor,50, 5D10M57335,Lenovo 100e Gen 2 (Intel)
Lenovo 11 300e Chromebook LCD Touchscreen Digitizer Module,Replacement Laptop LCD LED Screen Display Monitor,74.99, 5D10Q93993,Lenovo 300e
Lenovo 11 100S Chromebook LCD Panel - NEW,Replacement Laptop LCD LED Screen Display Monitor,50, 5D10H34460,Lenovo 100s
Lenovo 11 100e Gen 3 (AMD) Chromebook LCD Panel - GRADE A,Replacement Laptop LCD LED Screen Display Monitor,50, 5D10Z77954,Lenovo 100e Gen 3 (AMD)
Lenovo 11 N23 Yoga Chromebook LCD Assembly,Replacement Laptop LCD LED Screen Display Monitor,199.99,,Lenovo N23 Yoga
Lenovo 11 300e Gen 2 (MediaTek) Chromebook LCD Touchscreen Digitizer Module,Replacement Laptop LCD LED Screen Display Monitor,115.99, 5D10T95195,Lenovo 300e Gen 2
Lenovo 11e 4th Gen (20J0) Chromebook LCD Panel - NEW,Replacement Laptop LCD LED Screen Display Monitor,50, 01HW907,Lenovo 11e 4th Gen
Lenovo 14e (81MH) Touch LCD Panel - PULL,Replacement Laptop LCD LED Screen Display Monitor,102.99, 5D10S75184,Lenovo 14e (81MH)
"Lenovo 11 N22 Chromebook LCD Assembly, Touch-Version",Replacement Laptop LCD LED Screen Display Monitor,149.99,,Lenovo N22
"Lenovo 11 300e Gen 2 (Intel) Chromebook LCD Touchscreen Digitizer Module (Stylus Compatible, 81MB0067US only)",Replacement Laptop LCD LED Screen Display Monitor,140.99, 5D11E72134,Lenovo 300e Gen 2
Lenovo 11 100E Chromebook LCD Panel - NEW,Replacement Laptop LCD LED Screen Display Monitor,50, 5D10N87520,Lenovo 100e
Lenovo 11 300e Gen 3 (AMD) Chromebook LCD Touchscreen Digitizer Module,Replacement Laptop LCD LED Screen Display Monitor,174.99," 5D11C95886, 5D11C95890, 5D11M35206, 5D11C95891, 5D11C95892, 5D11C95893, 5D11C95894, 5M11K12882",Lenovo 300e Gen 3 (AMD)
Lenovo 11 100e Gen 2 (AMD) Chromebook LCD Panel - NEW,Replacement Laptop LCD LED Screen Display Monitor,50, 5D10M57333,Lenovo 100e Gen 2 (AMD)
Lenovo 14 N42 Touch LCD Panel - PULL,Replacement Laptop LCD LED Screen Display Monitor,104.99, 5D10L60142,Lenovo N42
"Lenovo 11 N23 Chromebook LCD Assembly, Touch-Version",Replacement Laptop LCD LED Screen Display Monitor,119.99,,Lenovo N23
Lenovo 11 N23 Yoga Chromebook LCD Touchscreen Digitizer Module,Replacement Laptop LCD LED Screen Display Monitor,99.99, 5D68C07628,Lenovo N23 Yoga
Lenovo 11 100e Gen 2 Chromebook LCD Panel - NEW,Replacement Laptop LCD LED Screen Display Monitor,50, 5D10N87520,Lenovo 100e Gen 2
Lenovo 14 N42 Touch LCD Panel - NEW,Replacement Laptop LCD LED Screen Display Monitor,129.99, 5D10L60142,Lenovo N42
"Lenovo 14 N42 Chromebook LCD Assembly, Non-Touch Version",Replacement Laptop LCD LED Screen Display Monitor,119.99,,Lenovo N42
Lenovo 14 N42 Non-Touch LCD Panel - NEW,Replacement Laptop LCD LED Screen Display Monitor,50, 5D10G95364,Lenovo N42
Lenovo 11 100e Gen 3 (AMD) Chromebook LCD Panel - NEW,Replacement Laptop LCD LED Screen Display Monitor,50, 5D10Z77954,Lenovo 100e Gen 3 (AMD)
Lenovo 11 X131E Chromebook LCD Panel,Replacement Laptop LCD LED Screen Display Monitor,64.99," 04W1594, B116XW03, 00HM194",Lenovo X131E
Lenovo 11e 4th Gen (20J0) Chromebook LCD Assembly,Replacement Laptop LCD LED Screen Display Monitor,119.99,,Lenovo 11e 4th Gen
Lenovo 11 300e Gen 2 (MediaTek) Chromebook LCD Touchscreen Digitizer Module,Replacement Laptop LCD LED Screen Display Monitor,115.99, 5D10T95195,Lenovo 300e Gen 2
Lenovo 11e 4th Gen (20J0) Chromebook LCD Panel - NEW,Replacement Laptop LCD LED Screen Display Monitor,50, 01HW907,Lenovo 11e 4th Gen
Lenovo 14e (81MH) Touch LCD Panel - PULL,Replacement Laptop LCD LED Screen Display Monitor,102.99, 5D10S75184,Lenovo 14e (81MH)
"Lenovo 11 N22 Chromebook LCD Assembly, Touch-Version",Replacement Laptop LCD LED Screen Display Monitor,149.99,,Lenovo N22
"Lenovo 11 300e Gen 2 (Intel) Chromebook LCD Touchscreen Digitizer Module (Stylus Compatible, 81MB0067US only)",Replacement Laptop LCD LED Screen Display Monitor,140.99, 5D11E72134,Lenovo 300e Gen 2
Lenovo 11 100E Chromebook LCD Panel - NEW,Replacement Laptop LCD LED Screen Display Monitor,50, 5D10N87520,Lenovo 100e
Lenovo 14e (81MH) Touch LCD Panel - NEW,Replacement Laptop LCD LED Screen Display Monitor,98.99, 5D10S75184,Lenovo 14e (81MH)
"Lenovo 11 N23 Chromebook LCD Assembly, Non-Touch Version",Replacement Laptop LCD LED Screen Display Monitor,89.99,,Lenovo N23
Lenovo 11 300e Gen 3 (AMD) Chromebook LCD Touchscreen Digitizer Module (Stylus Compatible),Replacement Laptop LCD LED Screen Display Monitor,174.99," 5D11C95886, 5D11C95890, 5D11M35206, 5D11C95891, 5D11C95892, 5D11C95893, 5D11C95894, 5M11K12882",Lenovo 300e Gen 3
Lenovo 11e 1st Gen (20DB) Chromebook LCD Panel - NEW,Replacement Laptop LCD LED Screen Display Monitor,50, 00HM195,Lenovo 11e 1st Gen
Lenovo 14e (81MH) Non-Touch LCD Panel- NEW,Replacement Laptop LCD LED Screen Display Monitor,129.99, 5D10R41283,Lenovo 14e (81MH)
Lenovo Yoga 11e 3rd Gen (20GE) Chromebook LCD Assembly,Replacement Laptop LCD LED Screen Display Monitor,249.99,,Lenovo Yoga 11e 3rd Gen (20Ge)
Lenovo 10 10e Tablet Chromebook LCD Touchscreen Digitizer Module,Replacement Laptop LCD LED Screen Display Monitor,85.99, 5M10W64511,Lenovo 10e Tablet
Lenovo 11 N23 Chromebook LCD Panel - NEW,Replacement Laptop LCD LED Screen Display Monitor,50, 5D10H34773,Lenovo N23
Lenovo 11 100e Gen 2 (Intel) Chromebook LCD Panel - GRADE A,Replacement Laptop LCD LED Screen Display Monitor,50, 5D10M57335,Lenovo 100e Gen 2 (Intel)
Lenovo 11 300e Chromebook LCD Touchscreen Digitizer Module,Replacement Laptop LCD LED Screen Display Monitor,74.99, 5D10Q93993,Lenovo 300e
Lenovo 11 100S Chromebook LCD Panel - NEW,Replacement Laptop LCD LED Screen Display Monitor,50, 5D10H34460,Lenovo 100s
Lenovo 11 100e Gen 3 (AMD) Chromebook LCD Panel - GRADE A,Replacement Laptop LCD LED Screen Display Monitor,50, 5D10Z77954,Lenovo 100e Gen 3 (AMD)
Lenovo 11 N23 Yoga Chromebook LCD Assembly,Replacement Laptop LCD LED Screen Display Monitor,199.99,,Lenovo N23 Yoga
Lenovo 11 300e Gen 2 (MediaTek) Chromebook LCD Touchscreen Digitizer Module,Replacement Laptop LCD LED Screen Display Monitor,115.99, 5D10T95195,Lenovo 300e Gen 2
Lenovo 11e 4th Gen (20J0) Chromebook LCD Panel - NEW,Replacement Laptop LCD LED Screen Display Monitor,50, 01HW907,Lenovo 11e 4th Gen
Lenovo 14e (81MH) Touch LCD Panel - PULL,Replacement Laptop LCD LED Screen Display Monitor,102.99, 5D10S75184,Lenovo 14e (81MH)
"Lenovo 11 N22 Chromebook LCD Assembly, Touch-Version",Replacement Laptop LCD LED Screen Display Monitor,149.99,,Lenovo N22
"Lenovo 11 300e Gen 2 (Intel) Chromebook LCD Touchscreen Digitizer Module (Stylus Compatible, 81MB0067US only)",Replacement Laptop LCD LED Screen Display Monitor,140.99, 5D11E72134,Lenovo 300e Gen 2
Lenovo 11 N21 Chromebook LCD Panel - NEW,Replacement Laptop LCD LED Screen Display Monitor,50, 5D10H34773,Lenovo N21
Lenovo 11 100e Gen 2 (AMD) Chromebook LCD Panel - GRADE A,Replacement Laptop LCD LED Screen Display Monitor,50, 5D10M57333,Lenovo 100e Gen 2 (AMD)
Samsung 12 XE525QBB Chromebook LCD Touchscreen Digitizer Module,Replacement Laptop LCD LED Screen Display Monitor,149.99, BA96-07271A,Samsung XE525QBB
Samsung 15 XE350XBA Chromebook LCD Panel,Replacement Laptop LCD LED Screen Display Monitor,58.99, NT156FHM-N61,Samsung XE350XBA
Samsung 11 XE500C12 Chromebook LCD Panel - GRADE A,Replacement Laptop LCD LED Screen Display Monitor,50, BA96-06947A,Samsung XE500C12
Samsung 11 XE501C13 Chromebook LCD Panel - GRADE A,Replacement Laptop LCD LED Screen Display Monitor,50, BA59-04056A,Samsung XE501C13
Samsung 11 XE310XBA Chromebook LCD Panel - GRADE A,Replacement Laptop LCD LED Screen Display Monitor,50, BA59-04357A,Samsung XE310XBA
Samsung 11 XE303C12 Chromebook LCD Panel,Replacement Laptop LCD LED Screen Display Monitor,64.99," 04W1594, B116XW03, 00HM194",Samsung XE303C12
Samsung 11 XE503C12 Chromebook LCD Panel,Replacement Laptop LCD LED Screen Display Monitor,64.99," 04W1594, B116XW03, 00HM194",Samsung XE503C12
Samsung 11 XE500C12 Chromebook LCD Assembly,Replacement Laptop LCD LED Screen Display Monitor,99.99,,Samsung XE500C12
Samsung 11 XE303C12 Chromebook LCD Assembly,Replacement Laptop LCD LED Screen Display Monitor,89.99,,Samsung XE303C12
"Samsung 11 XE503C12 Chromebook LCD Assembly, Black",Replacement Laptop LCD LED Screen Display Monitor,119.99,,Samsung XE503C12
Samsung 11 XE500C13 Chromebook LCD Assembly,Replacement Laptop LCD LED Screen Display Monitor,79.99,,Samsung XE500C13
Samsung 11 XE500C13 Chromebook LCD Panel - NEW,Replacement Laptop LCD LED Screen Display Monitor,50, BA59-04056A,Samsung XE500C13
Samsung 11 XE500C13 Chromebook LCD Panel - NEW,Replacement Laptop LCD LED Screen Display Monitor,50, BA59-04056A,Samsung XE500C13
Samsung 11 XE500C12 Chromebook LCD Panel - NEW,Replacement Laptop LCD LED Screen Display Monitor,50, BA96-06947A,Samsung XE500C12
Samsung 11 XE501C13 Chromebook LCD Panel - NEW,Replacement Laptop LCD LED Screen Display Monitor,50, BA59-04056A,Samsung XE501C13
Samsung 11 XE310XBA Chromebook LCD Panel - NEW,Replacement Laptop LCD LED Screen Display Monitor,50, BA59-04357A,Samsung XE310XBA
Toshiba 13 CB35-B3340 Chromebook LCD Assembly,Replacement Laptop LCD LED Screen Display Monitor,149.99,,Toshiba CB35-B3340
CTL 11 J41 Chromebook LCD Panel - NEW,Replacement Laptop LCD LED Screen Display Monitor,50, NB00273,CTL J41
CTL 11 NL7 Chromebook LCD Panel - NEW,Replacement Laptop LCD LED Screen Display Monitor,50, NB00220,CTL NL7
CTL 11 J2 Chromebook LCD Panel - NEW,Replacement Laptop LCD LED Screen Display Monitor,50, NB00034,CTL J2
CTL 11 J41 Chromebook LCD Panel - GRADE A,Replacement Laptop LCD LED Screen Display Monitor,50, NB00273,CTL J41
CTL 11 NL7 Chromebook LCD Panel - GRADE A,Replacement Laptop LCD LED Screen Display Monitor,50, NB00220,CTL NL7
CTL 11 J2 Chromebook LCD Panel - GRADE A,Replacement Laptop LCD LED Screen Display Monitor,50, NB00034,CTL J2
