"PANTALLA LCD DE 14.0"", SAMSUNG, LTN140AT20-T02 | P/N: K000136120 | PARA LAPTOP | LCD PANEL 14 HD"
"PANTALLA LCD, SAMSUNG, S/M | LCD PANEL-13.3HD;B133XTN01.5(H/W:3A),133 | REPUESTO PARA LAPTOP | PANTALLA LCD | BA59-03720D"
"PANTALLA LCD DE 14.0"", SAMSUNG, S/M | P/N: K000136120 | PARA LAPTOP | LCD PANEL 14 HD"
"PANTALLA LCD DE 14.0"", SAMSUNG, LTN140AT20-T02 | P/N: K000136120 | PARA LAPTOP | LCD PANEL 14 HD"
"PANTALLA DE LAPTOP,AV OPTRONICS,B140XTN03.6 | TFD LCD DSPLY RAW PANEL 14 WLED OSS1560 | TFD LCD DSPLY RAW PANEL 14 WLED OSS1560 | TFD LCD DSPLY RAW PANEL 14 WLED OSS1560 | TFD LCD DSPLY RAW PANEL 14 WLED OSS1560,COD.PRODUCTO: 760105-001"
"PANTALLA, IVO, M133NWN1|TAM.: 13.3""|PARA LAPTOP|TFT LCD PANEL M133NWN1 R3 HD|18200976"
"PANTALLA DE LAPTOP,AU OPTRONICS,B140XTN03.6,|PART ON ITEM: 598718-394|TFD LCD DSPLY RAW PANEL 14 WLED OSS1560|,COD.PRODUCTO: 760105-001"
"PANTALLA DE LAPTOP,AU OPTRONICS,B140XTN03.6, | 598718-394 | TFD LCD DSPLY RAW PANEL 14 WLED OSS1560 | TFD LCD DSPLY RAW PANEL 14 WLED OSS1560 | TFD LCD PNL 14.0 HD BV SVA 45% 200N FLAT LGD PERRIER 1.0,COD.PRODUCTO: 763566-001"
"PANTALLA DE LAPTOP,HEWLETT PACKARD,S/M,|REF: LTN156HL02|PANTALLA DE LAPTOP|TFD LCD DSPLY PANEL 15.6 AG FHD TS REACHER|,COD.PRODUCTO: 788608-001"
"PANTALLA LCD, SONY, SVD112200C|PANTALLA LCD|REPUESTO PARA LAPTOP|LCD PANEL (6430) (S)|A-1904-875-A"
"PANTALLA LCD, SAMSUNG, S/M|LCD PANEL-10.1WSVGA_N/G;LTN101NT07-8,101|REPUESTO PARA LAPTOP|PANTALLA LCD|BA59-03108A"
"PANTALLLA LCD, SAMSUNG, S/M|LCD PANEL-156HD;LTN156AT24-8,156HD 220N|REPUESTO PARA LAPTOP|PANTALLLA LCD|BA59-03324A"
"PANTALLA DE LAPTOP,LG,S/M,|PANTALLA DE LAPTOP|PANEL KIT, LCD 13.3 AG HD USLIM HD TS|,COD.PRODUCTO: 856018-001"
"PANTALLA LCD 14 HEWLETT PACKARD S/M|COMERCIAL - PARA LAPTOP|CAJA|HP-841483-001 - SPS-DSPLY RAW PANEL 14 HD SVA AG FLAT, HP-841483-001 - SPS-DSPLY RAW PANEL"
"PANTALLA DE LAPTOP,LG,LP133WH2,|TFT LCD MODULE PANEL LCD KIT 13.3 HD AG USLIM HD TS|,COD.PRODUCTO: 856018-001"
"PO NO. 88984 2216 PCS OF IVIEW-I1040QW, 10.1 LAPTOP(QUAD CORE, CHERRY TRAIL Z8350), LCD CAPACTIVE TOUCH PANEL(800X1280IPS), DDR3, 2GB, MEMORY:32GB, FRONT/REAR CAMERA, 2.0MP/5.0MP, BT, ACCESSORY: 1XEARPHONE, 1XOTG CABLE, ADAPTOR(EFFICIENCY LEVEL VI), 1XMOBILE DOCK KEYBORAD, BLACK COLOR FOR 776PCS, BLUE PINK 664PCS."
LCD Panel (Display sin plásticos cosméticos) usado en laptop HP 14-bs020la LTNA
Plate screen laptop components 934967-001- SPS-LCD PANEL 14 FHD KIT BV. New 100%
Plate screen laptop components 809371-001- RAW SPS-LCD FLAT PANEL 15.6 HD LED BV. New 100%
"Screen panels components 856101-001- PNL laptop, LCD PANEL 11.6 HD AG SLIM KIT HD TS. New 100%"
Components laptop screen (flat screen panels incomplete) 821657-001- SPS-LCD LED FHD UWVA HU 12.5 W / CAM TS. New 100%
Components laptop screen (flat screen panels incomplete) 850916-001- SPS-LCD LED FHD UWVA HU 12.5 W / HDC TS. New 100%
"Components laptop screen (flat screen panels incomplete) 928478-001- HU, NSV, 13.3 FHD LCD TS BV. New 100%"
LCD panels of laptop. Part no: KL.14008.016. New 100%
A31400-0021A # & LCD panels for laptops
A31400-0059A # & LCD panels for laptops
LCD panels of laptop. Part no: 6M.G7TN5.001. New 100%
A31400-0013A # & LCD panels for laptops
A31400-0014C # & LCD panels for laptops
A31400-0038A # & LCD panels for laptops
A31400-0048A # & LCD panels for laptops
A31400-0052A # & LCD panels for laptops
A31400-0061A # & LCD panels for laptops
A31400-0024A # & LCD panels for laptops
A31400-0065A # & LCD panels for laptops
Plate screen laptop components 912753-001- PANEL LCD 13.3 BV QHD + UWVA NTS. New 100%
"PANEL DE LAPTOP,BOE,S/M,|LCD 15.6"" HD LGD LP156WHU-TPE1 EDP TN|,COD.PRODUCTO: 847654-003"
"PANTALLA DE LAPTOP,AU OPTRONICS,B156HTN03.8,|PANTALLA DE LAPTOP (RAW PANNEL)|SPS-LCD RAW PANEL 15.6 AG FHD TS|,COD.PRODUCTO: L20376-001"
"PANTALLA DE LAPTOP,AU OPTRONICS,B156HAN04.1,|PANTALLA DE LAPTOP (SIN CARCASA) / ES RAW PANEL|SPS-LCD PNL 15.6 FHD AG WLED UWVA|,COD.PRODUCTO: L00867-001"
"LAPTOP MSI,MSI,GL63 8RC--068US,|PROCESADOR: 2 X INTEL 8TH GENERATION COFFEE LAKE CORETM I7--8750H 6 CORE-12 THREAD PROCES|MEMORIA: 2X16GB DUAL CHANNEL DDR4/2400MHZ (2X8GB)|MSI GL63 8RC-068 15.6"" W/ NVIDIA GEFORCE GTX 1050 LCD PANEL, 2X15.6"" FHD (1920*1080), EDP|INTERNALA BATTERY: 2 X INTERNAL 6 CELL (41WH) BATTERY, MS--GL63068"
"PANTALLA DE LAPTOP,HP,S/M,|TFT LCD MODULE PANEL LCD KIT 13.3 HD AG USLIM HD TS|,COD.PRODUCTO: 856018-888"
"PANTALLA DE LAPTOP,AU OPTRONICS,B156HTN03.8,|PANTALLA DE LAPTOP (RAW PANNEL)|TFD LCD SPS-RAW PANEL 15.6 LED FHD SVA|,COD.PRODUCTO: L20376-001"
"LAPTOP MSI,MSI,MS-GL63069,|VIDEO CARD : 4X NVIDIA GEFORCE GTX 1050 W/4GB GDDR5, PROCESADOR: 4 X INTEL@8TH GENERATION|QUAD CORE PROCESSOR, 2.3 GHZ (MAX TURBO FREQUENCY 4.0 GHZ) 8MB SMART CACHE, MEMORY: 4 X 8G|GL63 8RC-069 15.6"" W/ NVIDIA GEFORCE GTX 1050 LCD PANEL|4 X INTEL@ WIRELESS-AC 9462 802.11 AC/A/B/G/N 2X2 NGFF W/BLUETOOTH 5.0/ 4 X INTERNAL 6 CEL"
"PANTALLA DE LAPTOP,AU OPTRONICS,B140XTN02.D,|PANTALLA DE LAPTOP|LCD RAW PANEL 14 HD BV SLIM|,COD.PRODUCTO: 847664-006"
"PANTALLA DE LAPTOP,AU OPTRONICS,B140XTN07.3,|PANTALLA DE LAPTOP (RAW PANNEL)|SPS-LCD RAW PANEL 14 HD BV SVA NWBZ|,COD.PRODUCTO: L19201-001"
COMPONENTS LCD PANEL FOR LAPTOP S1J-6E0A063-I75 SPARE PARTS / ACCESSORIES / COMPONENT FOR LAPTOP F.O.C
COMPONENTS LCD PANEL FOR LAPTOP S1J-6E0A164-S44 SPARE PARTS / ACCESSORIES / COMPONENT FOR LAPTOP F.O.C
COMPONENTS LCD PANEL FOR LAPTOP S1J-6E0A028-A90 SPARE PARTS / ACCESSORIES / COMPONENT FOR LAPTOP F.O.C
COMPONENTS LCD PANEL FOR LAPTOP S1J-JE0A010-A90 SPARE PARTS / ACCESSORIES / COMPONENT FOR LAPTOP F.O.C
COMPONENTS LCD PANEL FOR LAPTOP S1J-JE5A001-I75 SPARE PARTS / ACCESSORIES / COMPONENT FOR LAPTOP F.O.C
COMPONENTS LCD PANEL FOR LAPTOP S1J-AF3G001-S02 SPARE PARTS / ACCESSORIES / COMPONENT FOR LAPTOP F.O.C
COMPONENTS LCD PANEL FOR LAPTOP S1J-6E0A041-I75 SPARE PARTS / ACCESSORIES / COMPONENT FOR LAPTOP F.O.C
COMPONENTS LCD PANEL FOR LAPTOP S1J-4E0A025-A90 SPARE PARTS / ACCESSORIES / COMPONENT FOR LAPTOP F.O.C
"LAPTOP LCD PANEL, 14.0 INCH B140HAN04.0"
"LAPTOP LCD PANEL, 15.6 INCH B156HAN13.0"
"LAPTOP LCD PANEL, 14.0 INCH N140HCE-G52"
"LAPTOP LCD PANEL, 15.6 INCH NT156WHM-N44"
"LAPTOP LCD PANEL, 14.0 INCH M140NWR8 R5"
"LAPTOP LCD PANEL, 13.3 INCH B133XTN03.3"
LAPTOP LCD BEZEL PANEL
LCD PANEL FOR LAPTOP COMPUTER - 5D11B48759
LCD PANEL FOR LAPTOP COMPUTER - 5D10V82390
LCD PANEL FOR LAPTOP COMPUTER - 5D11B22390
M52804-001 SPS-LCD RAW PANEL 13.3 WUXGA 400 NWBZflt FOR LAPTOP
M99956-005 LCD SKO-RAW PANEL 13.3 FHD AG WLED NB TOP FOR LAPTOP
M16628-001 STN LCD SPS-LCD RAW PANEL 14 FHD BV UWVA 250 FOR LAPTOP
M21389-001 STN LCD SPS-LCD RAW PANEL 14.0 FHD AG UWVA 250NFOR LAPTOP
N00087-001 LCD SPS-RAW PANEL 15.6 HD AG 250 FOR LAPTOP
M21737-001 STN LCD SPS-RAW PANEL 15.6 FHD AG UWVA 250N FOR LAPTOP
M21736-001 STN LCD SPS-RAW PANEL 15.6 HD AG SVA 45% 250N FOR LAPTOP
L44534-001 TFD LCD-SPS-RAW PANEL LCD 13.3 HD AG SVA FOR LAPTOP
N00080-001 LCD SPS-RAW PANEL TOP 14 FHD AG 250 FOR LAPTOP
COMPONENTS LCD PANEL FOR LAPTOP S1J-7F0A112-A90 SPARE PARTS / ACCESSORIES / COMPONENT FOR LAPTOP F.O.C
COMPONENTS LCD PANEL FOR LAPTOP S1J-6E0A049-I75 SPARE PARTS / ACCESSORIES / COMPONENT FOR LAPTOP F.O.C
COMPONENTS LCD PANEL FOR LAPTOP S1J-JE0A009-A90 SPARE PARTS / ACCESSORIES / COMPONENT FOR LAPTOP F.O.C
COMPONENTS LCD PANEL FOR LAPTOP S1J-JE0A020-I75 SPARE PARTS / ACCESSORIES / COMPONENT FOR LAPTOP F.O.C
COMPONENTS LCD PANEL FOR LAPTOP S1J-4E0A023-I75 SPARE PARTS / ACCESSORIES / COMPONENT FOR LAPTOP F.O.C
COMPONENTS LCD PANEL FOR LAPTOP S1J-JE0A035-A90 SPARE PARTS / ACCESSORIES / COMPONENT FOR LAPTOP F.O.C
N12898-001 LCD SPS-RAW PANEL 14 FHD AG UWVA 250N FOR LAPTOP
"INNOLUX 15.6-inch color LCD display panel for laptops, no power, no wires, no accessories, model: N156BGA-EB2, nsx: CHINA TIME TECHNOLOGIES LIMITED, 100% new"
Laptop LCD plate L25980-001- SPS-LCD Panel 14 HD BV LED SVA. New 100%
L19199-001- SPS-LCD RAW PANEL 14 FHD BV UWVA NWBZ Laptop LCD Panel New 100%
L33440-001- SPS-Non-touch Panel LCD Laptop Panel Kits 20 ProOneG4 AiO. New 100%
LCD panel of laptop board 840824-001- SPS-ASSY Non-touch Panel Kits 400 G2 AiO. New 100%
LCD panel of laptop L53432-001- SPS-HU 13.3 FHD BV UWVA TS NFB. New 100%
LCD panel of laptop L00867-001- SPS-LCD PNL 15.6 FHD AG WLED UWVA. New 100%
Laptop LCD panel 839668-002- GNRC PNL 14 HD AG WLED SVA eDP slim RE. New 100%
Laptop LCD plate L01104-001- SPS-RAW PANEL LCD 14 HD SVA. New 100%
LCD panel of laptop 939187-001- SPS-Touch Panel Kits 400 G3 AiO. New 100%
"BOE 15.6 inch color LCD display panel for laptop, no power, wireless, no accessories, model: NT156WHM-N10, nsx: CHINA TIME TECHNOLOGIES LIMITED, 100% new"
L53368-001- SPS-HU laptop LCD panel 13.3 FHD BV FG PLG. New 100%
Laptop LCD panel L79187-001- SPS-PNL15.6FHDAGLEDUWVA1000fHDCflat PVCY. New 100%
Laptop LCD panel L79185-001- SPS-PNL 15.6 HD AG LED SVA slim. New 100%
Laptop LCD panel L63684-001- SPS-LCD PANEL 15.6 FHD AG UWVA 250. New arrivals 100%
Laptop LCD panel 806860-008- GNRC PNL 14FHD AG WLED SVA eDP Slim CY14. New 100%
LCD panels of laptop LCD PANEL L30382-001- SPS-RAW UWVA HDC 15.6 FHD AG. New 100%
LCD panels of laptop 840698-001- SPS-DSPLY RAW FLAT PANEL 14 HD SVA AG. New 100%
"LCD panels laptops, BOE Brand, Model: NT156WHM-N32, Part no: KL.1560E.003, size 15.6 inches. New 100%"
"LCD panels laptops, BOE Brand, Model: NT140WHM-N31, Part no: KL.1400E.002, size 14 inches. New 100%"
LCD panels of laptop 917927-001- FHD SPS-DISPLAY BV UWVA Dr. HU 13.3. New 100%
"Panel LCD screen 14.0 inch Innolux brand for laptops, model: 14.0SLIM30 NT140WHM N41, a new 100%"
LCD panels of laptop L53431-001- FHD SPS-HU 13.3 UWVA BV Dr. LP NFB. New 100%
LCD panels of laptop L51765-001- SPS-LCD PANEL 14 FHD AG UWVA RAW 400. New 100%
LCD panels of laptop LCD PANEL L56982-001- SPS-14 FHD LED AG UWVA. New 100%
LCD panels of laptop L53368-001- FHD SPS-HU 13.3 FG BV PLG. New 100%
"LCD panels of laptop 856101-001- PNL, LCD PANEL 11.6 HD AG SLIM KIT HD TS. New 100%"
LCD panels of laptop L66617-001- SPS-PANEL ELITEONE AIO 800 G5 - New 100% T.
LCD panels of laptop LCD BACK COVER L20313-001- ACG SPS-W / O ANTENNA. New 100%
LCD panels of laptop LCD PNL L31886-001- SPS-13 LED UWVAW 3k2k BV / BZLIRTS. New 100%
LCD panels of laptop LCD BACK COVER L19174-001- SPS-MNS. New 100%
"13.3inch LCD display panels (panels), parts of the laptop screen, code CP750168-XX, Sharp, new 100%"
"Panel LCD display panels of the laptop screen, CP750168-XX, the New 100%"
LCD panels of laptop SPS-DSPLY L70625-001- DRM UHD 17.3 HU. New 100%
LCD panels of laptop L66620-001- AIOG5 SPS-800-T PANEL ELITEONE -PVCY- HC. New 100%
"Panel LCD screen 15.6 inch BOE brand for laptops, model: 15.6 FHD NT156FHM N41, a new 100%"
LCD panels of laptop. Model: N156BGA-EA2. Part no: KL.1560D.021. New 100%
LCD panels of laptop L23211-001- SPS-14 HD LCD PANEL BV RAW. New 100%
LCD panels of laptop. Part no: KL.17305.010. New 100% # & CN
LCD panels of laptop L53828-001- SPS-LCD PANEL 14 HD RAW NB BV SVA. New 100%
LCD PANEL FOR LAPTOP COMPUTER - 5D10W89585
LCD PANEL FOR LAPTOP COMPUTER - 5D11B07705
LCD PANEL FOR LAPTOP COMPUTER - 02DA381
LCD PANEL FOR LAPTOP COMPUTER - 5D10V82394
LCD PANEL FOR LAPTOP COMPUTER - 5D10V82401
LCD PANEL FOR LAPTOP COMPUTER - 5D10W87245
LCD PANEL FOR LAPTOP COMPUTER - 02DC313
LCD PANEL FOR LAPTOP COMPUTER - 5D10K85755
LCD PANEL FOR LAPTOP COMPUTER - 5D10S39624
"LCD panel of laptop screen. screen case and board not included , Part no: KL.1600E.001. 100% new product #&CN"
"LAPTOP SCREEN LCD PANELS , Manufacturer: ACER VIETNAM CO. , LTD , 100% NEW MODEL.#&VN"
"Laptop LCD panel L91003-002 , PANEL KIT 21.5 VA Z BOARDW-CABLE BIB215DF. New 100%"
"Laptop LCD panel N10733-001 , PANEL KIT 13.5 OLED WITHBEZEL NTB. New 100%"
"Laptop LCD panel M21392-001 , SPS-LCD RAW PANEL14.0 HD AG SVA 250N. New 100%"
"Laptop LCD Panel 939353-001 , SPS-Pnl w-Touch 14in500nits Engage One. New 100%"
"Laptop LCD panel N13295-001 , RAW PANEL 15.6 FHD UWVA 250n144Hz. New 100%"
"Laptop LCD panel L56982-001 , SPS-LCD PANEL 14 FHD AG LED UWVA. New 100%"
"Laptop LCD Panel L91416-002 , SPS-Panel Kit 23.8 IPS ZBD W-CBL TS , Bib2. New 100%"
"Laptop LCD panel M36416-001 , SPS-RAW PNL LCD13.3 FHD AG LED UWVA 250. 100% new"
"Laptop LCD panel M36316-001 , SPS-RAW PNL 14 FHD AG LED UWVA 1000. 100% new"
"Laptop LCD Panel L96779-001 , SPS-LCD PANEL13.3 W-BEZEL FHD 300NTS PLG. New 100%"
"Laptop LCD panel M14027-001 , LCD RAWDISPLAY PANEL 15.6 HD BV SVA 250 uslim. New 100%"
"Laptop LCD panel L52000-001 , SPS-LCD RAW PANEL 15.6 HD BV SVA 220. 100% new"
"Laptop LCD panel N39403-001 , SPS-PANEL KIT TS 14 FHD AG 250 LP 5MPCAM. New 100%"
"Laptop LCD panel M40933-001 , SPS-LCD RAW PANEL 15.6 HD BV SVA 250. 100% new"
"Laptop LCD panel M05491-001 , SPS-RAW LCD PANEL 15 FHD AG UWVA 250. 100% new"
"Laptop LCD panel M13565-001 , LCD 14 HD BV LED SVA 250 uslim. New 100%"
"Laptop LCD panel N22326-001 , RAW PANEL 14WUXGA AGUWVA 250 NITS. New 100%"
"Laptop LCD panel M54735-001 , RAW PANEL 16.1FHD AG UWVA 144Hz NB2. New 100%"
"Laptop LCD panel L68848-001 , SPS-LCD RAW PANEL 15.6 FHD UWVA 250. 100% new"
"Laptop LCD panel M45810-001 , SPS-LCD HU13.3 FHD AG LED UWVA400N TS LP , 100% brand new#&CN"
LCD PANEL BOARD LCD BEZEL LCD PANEL COMPUTER PART-LAPTOP ACCESSOREIS
"LCD panel of laptop screen. screen case and board not included , Model: B140HAN04 , Part no: KL.14005.039. New 100%"
"LCD panel of laptop screen. screen case and board not included , Model: B156HAN08 , Part no: KL.15605.066. New 100%"
"Laptop LCD panel L30382-001 , SPS-RAW LCD PANEL 15.6 FH , 100% brand new#&CN"
"LCD panel of laptop screen. screen case and board not included , Model: B156HTN06 , Part no: KL.15605.050. New 100%"
"Laptop LCD panel M45013-001 , SPS-LCD PANEL KIT 14 FHD , 100% brand new#&CN"
"LCD panel of laptop screen. screen case and board not included , Model: B156XTN08 , Part no: KL.15605.048. New 100%"
"LCD panel of laptop screen. screen case and board not included , Model: B160UAN01 , Part no: KL.16005.010. New 100%"
"LCD panel of laptop screen. screen case and board not included , Model: B140QAN02 , Part no: KL.14005.068 . New 100%"
"Laptop LCD panel L60603-001 , SPS-PNL KITLCD13.3 FHD LE , 100% brand new#&CN"
"Laptop LCD panel M62235-001 , SPS-RAW PANEL 16.1 QHD AG , 100% brand new#&CN"
"LCD screen panel , part of Latitude 3420 Laptop screen , 14 inch , FHD WLED , product code: 2CVKV , Manufacturer: DELL , 100% New"
LCD panels of laptop L79187-001- SPS-PNL15.6FHDAGLEDUWVA1000fHDCflat PVCY. New 100%
LCD panels of laptop 828422-001- SPS-LCD PANEL 15.6 HD RAW SVA AG. New 100%
LCD panels of laptop LCD PANEL L78067-001- SPS-RAW 1000 PVCY 14 FHD AG. New 100%
LCD panels of laptop L74090-001- SPS-HU UHD LED BV UWVA 13 TS. New 100%
LCD panels of laptop LCD PANEL L78066-001- SPS-14 HD RAW AG SVA 220. New 100%
"Laptop LCD panel M75785-001 , HINGE UP LCD 15 FHD AG UWVA 250 HDC. New 100%"
"LCD screen panel , part of Latitude 3420 Laptop screen , 14 inch , FHD WLED , product code: GC2FN , NSX:DELL , 100% New"
"LCD screen panel , part of Latitude 3420 Laptop screen , 14 inch , FHD WLED , product code: 07MDG , Manufacturer: DELL , 100% New"
"Laptop LCD panel L61947-001 , LCD 14 HD AG LED SVA 220 slim. New 100%"
"Laptop LCD panel M21737-001 , RAW PANEL 15.6 FHD AG UWVA 250n. New 100%"
"Laptop LCD panel M16341-001 , SPS-LCD RAW PANEL15.6 FHD BV UWVA 250. 100% new"
"Laptop LCD panel M86441-001 , LCD NT 23.8 FHD IPS W-BL CARMB24ADG. New 100%"
"Laptop LCD panel M36315-001 , SPS-RAW PNL 14 FHD AG LED UWVA 250. 100% new"
"Laptop LCD panel N22327-001 , RAW PANEL 14WUXGA AGUWVA 250 TOP. New 100%"
"Laptop LCD panel N13808-001 , RAW PANEL 16.1 QHD AG LABEL 300 165HZ. New 100%"
"Laptop LCD panel L91002-001 , PANEL KIT 21.5 IPS NZ BOARDW-CABLE BIB215FF. New 100%"
"Laptop LCD panel M75672-001 , RAW PANLE LCD 17 FHD AG UWVA 300. 100% new"
"PANEL LCD INTERNO DE LAPTOP , LENOVO , S-M|UNIDAD|PARTE DE MONITOR DE LAPTOP|5M10V17002. MECH_ASM FRU UHD , IPS , NT , COLOR BOE|PLASTICO-METAL"
PANEL >> LCD PANEL LCD PANEL WITH BEZEL -LP156WD1 -LCD PANEL FOR LAPTOP
"PANEL >> FLAT PANEL 39Y1214 - REFURBISHED FLAT PANEL DISPLAY LCD LAPTOP UNIT , DISPLAY , LCD-TFT , O-T ADP , <=34.29 CM"
PANEL >> LCD PANEL LCD PANEL WITH BEZEL -LP156WH4 -LCD PANEL FOR LAPTOP
"PANEL >> LCD PANEL P-MOD IS4S320DND0101 , A-2009-473-A , KDL-32R425B LCD PANEL - SIZE- 32 INCH PART OF LAPTOP"
PARTS >> SPARE PARTS 4X3927 MULTIPLE SUB LCD PANEL SPARE PARTS / ACCESSORIES / COMPONENT / ASSEMBLY FOR LAPTOPS LCD PANEL WARRANTY-MAINTENANCE SUPPORT
PANEL >> UNIT PANEL LCD UNIT PANEL F S - A-1798-827-A - VPCEA37FL PART OF VAIO LAPTOP
PARTS >> SPARE PARTS 4X3927 LCD PANEL SPARE PARTS / ACCESSORIES / COMPONENT / ASSEMBLY FOR LAPTOPS LCD PANEL ASM WARRANTY -MAINTENANCE SUPPORT PURPOSE
LCD >> LCD PANEL HN839 LCD PANEL ASSEMBLY FOR LAPTOPS LCD PANEL ASM WARRANTY-MAINTANCE SUPPORT PURPOSE
LCD >> LCD PANEL 4X1765 LCD ASSEMBLY FOR LAPTOPS LCD PANEL ASM WARRANTY -MAINTENANCE SUPPORT PURPOSE
LCD >> LCD PANEL 4X0390 LCD ASSEMBLY FOR LAPTOPS LCD PANEL ASM WARRANTY - - MAINTANCE SUPPORT PURPOSE
LCD >> LCD PANEL 4X4046 LCD ASSEMBLY FOR LAPTOPS LCD PANEL ASM WARRANTY -MAINTENANCE SUPPORT PURPOSE
"PARTS >> SPARE PARTS NY409 LCD SPARE PARTS / ACCESSORIES / COMPONENT / ASSEMBLY FOR LAPTOPS LCD PANEL , ASM WARRANTY-MAI NTENANCE SUPPORT PURPOSE"
PARTS >> SPARE PARTS 4X5480 LCD PANEL SPARE PARTS / ACCESSORIES / COMPONENT / ASSEMBLY FOR LAPTOPS FLAT PANEL DISPLAY FO R COMPUTER WARRANTY-MAINTENANCE SUPPORT PURPOSE
PARTS >> LAPTOP PARTS LCD PANEL P-MOD UNIT NS4S400DND1101 SERVICE - A-2183-424-A - KLV-40R352E PART OF VAIO LAPTOP PARTS WHICH ARE IMPORTE
PARTS >> LAPTOP PARTS LCD PANEL P-MOD UNIT NS6S400DND0101 SERVICE - A-2103-032-A - KDL-40W650D PART OF VAIO LAPTOP PARTS WHICH ARE IMPORTE
PARTS >> LAPTOP PARTS LCD PANEL P-MOD NS4S400DND1101 SERVICE - A-2183-424-A - KLV-40R352E PART OF VAIO LAPTOP PARTS WHICH ARE IMPORTED FOR
PARTS >> LAPTOP PARTS LCD PANEL LP140WH2-TLN1 F S - A-1755-119-A - VPCCW29FJ PART OF VAIO LAPTOP PARTS WHICH ARE IMPORTED FOR SERVICING
PARTS >> SPARE PARTS NY409 LCD SPARE PARTS / ACCESSORIES / COMPONENT / ASSEMBLY FOR LAPTOPS FLAT PANEL DISPLAY FOR COMPU TER WARRANTY-MAINTENANCE SUPPORT PURPOSE
"PARTS >> LAPTOP PARTS LCD PANEL 14"" LAPTOP PARTS UNBRANDED OTHER THAN REPUTEDBRAND"
"PARTS >> LAPTOP PARTS LCD PANEL 15"" LAPTOP PARTS UNBRANDED OTHER THAN REPUTEDBRAND"
"PARTS >> LAPTOP PARTS LCD PANEL 21"" LAPTOP PARTS UNBRANDED OTHER THAN REPUTEDBRAND"
REPUTED >> LCD PANEL LAPTOP PART UNBRANDED-OTHER THAN REPUTED BRAND
PARTS >> SPARE PARTS LG MODEL LP156WF6 15.6 FHD AG N-TOUCH IPS LGD SLIM LCD PANEL 02CG161 LCD SPARE PARTS / ACCESSORIES / COMPONENT / ASSEMBLY FOR LAPTOP
LCD >> LCD PANELS NT156WHM-N42 LCD PANELS FOR LAPTOP COMPUTER -
LCD >> LCD PANEL LP156WF6 LCD PANEL FOR LAPTOP COMPUTER -
LCD >> LCD PANELS 01HY494 LCD PANELS FOR LAPTOP COMPUTER -
LCD >> LCD PANELS B156XTN07.13A LCD PANELS FOR LAPTOP COMPUTER -
LCD >> LCD PANELS NT156WHM-N32 LCD PANELS FOR LAPTOP COMPUTER -
LCD >> LCD PANEL M195RTN01 LCD PANEL FOR LAPTOP COMPUTER -
LCD >> LCD PANEL N156BGE-EA2 LCD PANEL FOR LAPTOP COMPUTER -
LCD >> LCD PANEL NV140FHM-N41 LCD PANEL FOR LAPTOP COMPUTER -
LCD >> LCD PANELS 00NY664 LCD PANELS FOR LAPTOP COMPUTER -
LCD >> LCD PANELS 5D10M42871 LCD PANELS FOR LAPTOP COMPUTER -
LCD >> LCD PANELS 00UP057 LCD PANELS FOR LAPTOP COMPUTER -
LCD >> LCD PANELS NA140HCE-EAA LCD PANELS FOR LAPTOP COMPUTER -
LCD >> LCD PANELS 01AY913 LCD PANELS FOR LAPTOP COMPUTER -
LCD >> LCD PANELS LM230WF7-SSB2 SR LCD PANELS FOR LAPTOP COMPUTER -
LCD >> LCD PANELS M195RTN01.0 LCD PANELS FOR LAPTOP COMPUTER -
LCD >> LCD PANELS 5D10N45602 LCD PANELS FOR LAPTOP COMPUTER -
LCD >> LCD PANELS LTM200KL01 LCD PANELS FOR LAPTOP COMPUTER -
LCD >> LCD PANELS 5D10L08702 LCD PANELS FOR LAPTOP COMPUTER -
LCD >> LCD PANELS NT140WHM-N41 LCD PANELS - FOR LAPTOP COMPUTER -
LCD >> LCD PANELS 00HT921 LCD PANELS - FOR LAPTOP COMPUTER -
LCD >> LCD PANELS M195RTN01.1 LCD PANELS FOR LAPTOP COMPUTER -
LCD >> LCD PANELS NV140FHM-N46 LCD PANELS FOR LAPTOP COMPUTER -
LCD PANEL FOR LAPTOP COMPUTER - 01YN128
LCD PANEL FOR LAPTOP COMPUTER - 5D10Q89746
LCD PANEL FOR LAPTOP COMPUTER - 01EF859
LCD PANEL FOR LAPTOP COMPUTER - 5D10W86614
LCD PANEL FOR LAPTOP COMPUTER - 5D11A40589
LCD PANEL FOR LAPTOP COMPUTER - 02HL714
LCD PANEL FOR LAPTOP COMPUTER - 5D11G99892
LCD PANEL FOR LAPTOP COMPUTER - 5D10X08068
"DO CO017201582323 CODIGO / RESOLUCION USUARIO TRAMITE SIMPLIFICADO (UTS): B00134; PEDIDO TRAMITE: SERVICIOS DECLARACION(6-7) FACTURA: 6141473611 FECHA: 2023-05-29 COD PRODUCTO: 02HL702, DISPLAY BOE 13.3 HD TN AG 5248168963; PRODUCTO: PANEL TACTIL LCD, DESTINO: EQUIPOS DE COMPUTO X13 (TYPE 20UF, 20UG) LAPTOP (THINKPAD), MARCA: BOE, REFERENCIA: 02HL702, SERIALES: 8SSD10S72071B1CH2270051 / 8SSD10S72071B1CH2270045 / 8SSD10S72071B1AH2270143 / 8SSD10S72071B1AH2270139 / 8SSD10S72071T1CH2270208 / 8SSD10S72071T1CH2270207 / 8SSD10S72071T1CH2270206 / 8SSD10S72071B1CH2270326 / 8SSD10S72071B1CH2270371 / 8SSD10S72071T1CH2270097 / 8SSD10S72071T1CH2270154 / 8SSD10S72071T1CH2270209 / 8SSD10S72071T1CH2270153 / 8SSD10S72071T1CH2270152 / 8SSD10S72071B1CH2270261 / 8SSD10S72071T1CH2270162 / 8SSD10S72071B1CH2270592 / 8SSD10S72071B1CH2270038 / 8SSD10S72071T1CH2270105 / 8SSD10S72071B1CH2270316 / 8SSD10S72071B1CH2270404 / 8SSD10S72071B1CH2270337 / 8SSD10S72071B1CH2270597 / 8SSD10S72071B1CH2270588 / 8SSD10S72071"
LCD PANEL FOR LAPTOP COMPUTER - 5D10F76748
LCD PANEL FOR LAPTOP COMPUTER - 5D11B64637
LCD PANEL FOR LAPTOP COMPUTER - 5D10S39642
LCD PANEL FOR LAPTOP COMPUTER - 5D10S39668
01MN755 LCD PANEL FOR LAPTOP COMPUTER
5D10F76748 LCD PANEL FOR LAPTOP COMPUTER
5D11C12738 LCD PANEL FOR LAPTOP COMPUTER
5D10V42637 LCD PANEL FOR LAPTOP COMPUTER
02DC349 LCD PANEL FOR LAPTOP COMPUTER
5D10W87245 LCD PANEL FOR LAPTOP COMPUTER
LCD PANEL FOR LAPTOP COMPUTER - 5D10V42637
LCD PANEL FOR LAPTOP COMPUTER - 5D10S39686
LCD PANEL FOR LAPTOP COMPUTER - 00UR895
LCD PANEL FOR LAPTOP COMPUTER - 5D10V82350
LCD PANEL FOR LAPTOP COMPUTER - 5D10F86069
LCD PANEL FOR LAPTOP COMPUTER - 5D10X01020
LCD PANEL FOR LAPTOP COMPUTER - 01AG967
5D10W86614 LCD PANEL FOR LAPTOP COMPUTER
5D11B22395 LCD PANEL FOR LAPTOP COMPUTER
5D10M35047 LCD PANEL FOR LAPTOP COMPUTER
"LCD panels laptops. AUO brand, Model: B140HTN01. 14 ""Part No: KL.14005.030, 100% new goods."
"Panel LCD panels of laptop screen. Brand: BOE, Model: NV156FHM-N48. Part No: KL.1560E.017. New 100% # & CN"
"LCD panels laptops, BOE Brand, Model: NT156FHM-N61, Part no: KL.1560E.015, size 15.6 inches. New 100%"
LCD panels of laptop. 15.6 inch Part no: KL.15605.036. New 100%
LCD panels of laptop. 15.6 inch Part no: KL.15605.040. New 100%
"PANEL LCD panels of laptop screen. Model: N156HGA-EA3, Part No: KL.1560D.035, New 100%"
"PANEL LCD panels of laptop screen. Model: B156HAN08.2, Part No: KL.15605.053, New 100%"
"PANEL LCD panels of laptop screen. Model: B156HAN12.0, Part No: KL.15605.061, New 100%"
"LCD panels laptops. AUO brand, Model: B156HAN02.1 15.6 "", P / N: KL.15605.040, 100% new goods."
LCD panels laptops. Model: B156HAN02.1. Part No: KL.15605.040
LCD panels of laptop. Part no: KL.2150I.029. New 100%
The panel LCD screen of a laptop. Part no: KL.1560D.034. New 100%
"LCD panels of laptop. Model: LP156WFCSPP1, Part no: KL.15608.038. New 100%"
"LCD panels laptops, BOE Brand, Model: NV156FHM-N48, Part No .: KL.1560E.011, size 15.6 inches. New 100%"
Panel LCD panels of laptop screen. Model: NT156FHM-N61. Part No: KL.1560E.015. New 100% # & CN
Panel LCD panels of laptop screen. Model: NV156FHM-N48. Part No: KL.1560E.017. New 100% # & CN
Panel LCD panels of laptop screen. Model: NT156WHM-N44. Part No: KL.1560E.014. New 100% # & CN
The panel LCD screen of a laptop. Model: N156BGA-EA3 C1. Part no: KL.1560D.034. New 100%
"PANEL LCD panels of laptop screen. Model: B156HTN06.1, Part No: KL.15605.050, New 100%"
"PANEL LCD panels of laptop screen. Model: B156XTN08.1, Part No: KL.15605.048, New 100%"
"PANEL LCD panels of laptop screen. Model: B156HAN02.1, Part No: KL.15605.040, New 100%"
"PANEL LCD panels of laptop screen. Model: B156HAN02 Part no: KL.15605.040, New 100%"
"LCD panels laptops, BOE Brand, Model: NT156FHM-N61, Part No.:KL.1560E.015, size 15.6 inches. New 100%"
"LCD panels laptops, BOE Brand, Model: NT156WHM-N44, Part No.:KL.1560E.014, size 15.6 inches. New 100%"
"LCD panels laptop screen. Model: NV140FHM-N48 Part no: KL.1400E.009, size 14 inches. New 100%"
The panel LCD screen of a laptop. Model: B156HAN06 Part no: KL.15605.036. New 100%
The panel LCD screen of a laptop. Model: B156HTN06 Part no: KL.15605.050. New 100%
The panel LCD screen of a laptop. Model: N140HCA-EAC C2. Part no: KL.1400D.027. New 100%
"The panel LCD screen of a laptop. Model: B156HAN02.1, Part no: KL.15605.062. New 100%"
"The panel LCD screen of a laptop. Model: B156HTN06.1, Part no: KL.15605.050. New 100%"
The panel LCD screen of a laptop. Model: B140HAN04 Part no: KL.14005.039. New 100%
"LCD panels laptop screen. Model: NV156FHM-N48 Part no: KL.1560E.017, New 100% # & CN"
LCD SCREEN PANELS LAPTOPS. MODEL: LP140WFASPD1 PART NO: KL.14008.017 # & VN
LCD SCREEN PANELS LAPTOPS. MODEL: LP156WFHSPD1 PART NO: KL.15608.044 # & VN
"Laptop LCD screen panels. Model: NE135FBM-N41 Part no: KL.1350E.002, size 13.5 inch. New 100%"
"Laptop screen LCD panels. Model: NT116WHM-N42; Part no: KL.1160E.004, Brand new 100%#&CN"
"Laptop screen LCD panel , Model: NE140WUM-N66; Part no: KL.1400E.012 , BOE brand , size 14 inches. New 100%"
"Laptop screen LCD Panel , Model: NV140FHM-N48; Part no: KL.1400E.009 , brand BOE , size 14 inches. New 100%"
"Laptop screen LCD panel , Model: NE156QHM-NY5 , Part No: KL.1560E.039 , BOE brand , 15.6 inch size. New 100%"
"Laptop screen LCD panel , Model: NT156FHM-N61 , Part No: KL.1560E.015 , BOE brand , 15.6 inch size. New 100%"
"LCD panels laptops, BOE Brand, Model: NT156WHM-N42, Part no: KL.1560E.007, size 15.6 inches. New 100%"
"LCD panels laptops. AUO brand, Model: B156HAN06. 15.6 "", Part No: KL.15605.039, 100% new goods."
LCD panels laptops. Model :: B156HAN13.0. Part No: KL.15605.058
"LCD panel of laptop screen , Model: NV140FHM-N48 , Part No: KL.1400E.009 , BOE brand , size 14 inches. New 100%"
"LCD panel of laptop screen , Model: NE156QHM-NY5 , Part No: KL.1560E.031 , BOE brand , size 15.6 inches. New 100%"
"LCD panel of laptop screen , Model: NE156QHM-NY5 , Part No: KL.1560E.039 , BOE brand , size 15.6 inches. New 100%"
"LCD panel of laptop screen , Model: NV156FHM-N48 , Part No: KL.1560E.033 , brand BOE , size 15.6 inches. New 100%"
"LCD panel of laptop screen , Model: NT156FHM-N61 , Part No: KL.1560E.015 , brand BOE , size 15.6 inches. New 100%"
"Laptop screen LCD panel , Model: NE140WUM-N66 , Part No: KL.1400E.012 , BOE brand , size 14 inches. New 100%"
"Laptop screen LCD panel , Model: NE156QHM-NY5 , Part No: KL.1560E.031 , BOE brand , 15.6 inch size. New 100%"
"Laptop screen LCD panel , Model: NV156FHM-NY0; Part no: KL.1560E.037 , BOE brand , 15.6 inch size. New 100%"
"LCD Panel of laptop screen , Model: NT156FHM-N61; Part no: KL.1560E.015 , BOE brand , 15.6 inch size. New 100%"
"Laptop screen LCD panel , Model: NT140WHM-N43 , Part No: KL.1400E.008 , BOE brand , size 14.0 inches. New 100%"
"Laptop screen LCD panel , Model:NV156FHM-N48 Part no.:KL.1560E.033 , brand BOE , size 15.6 inches. New 100%"
"Laptop screen LCD panel , Model: NT116WHM-N42 , Part No: KL.1160E.004 , brand BOE , size 11.6 inches. New 100%"
"Laptop screen LCD panel , Model: NV173FHM-N49 , Part No: KL.1730E.007 , BOE brand , size 17.3 inches. New 100%"
"Laptop screen LCD panel , Model: NV140FHM-N48 , Part No: KL.1400E.009 , BOE brand , size 14 inches. New 100%"
"Laptop screen LCD panel , Model: NV156FHM-N48 , Part No: KL.1560E.017 , BOE brand , 15.6 inch size. New 100%"
LCD panel of laptop screen. Part no.: 6M.KAAN2.001 . New 100%.
"Laptop screen LCD panels. Model: NE156QHM-NY5; Part no: KL.1560E.031, Brand new 100%#&CN"
"Laptop screen LCD panels. Model: NT156FHM-N61; Part no: KL.1560E.015, Brand new 100%#&CN"
"Laptop screen LCD panels. Model: NE156QHM-NY5; Part no: KL.1560E.039, 100% Brand New #&CN"
"Laptop screen LCD panels. Model: NV156FHM-N48; Part no: KL.1560E.033, Brand new 100%#&CN"
"Laptop screen LCD panels. Model: NV140FHM-N48; Part no: KL.1400E.009, 100% Brand New #&CN"
"Laptop screen LCD panels. Model: NE135FBM-N41; Part no: KL.1350E.002, 100% Brand New #&CN"
"Laptop screen LCD panels. Model: NE156QHM-NY5 Part no: KL.1560E.031, Brand new 100%#&CN"
"Laptop screen LCD panels. Model: NT140WHM-N43 Part no: KL.1400E.008, Brand new 100%#&CN"
"Laptop screen LCD panels. Model: NT156FHM-N61 Part no: KL.1560E.015, Brand new 100%#&CN"
"Laptop screen LCD panels. Model: NE156QHM-NY5 Part no: KL.1560E.039, Brand new 100%#&CN"
"Laptop screen LCD panels. Model: NE135FBM-N41 Part no: KL.1350E.002, Brand new 100%#&CN"
"Laptop screen LCD panels. Model: NV156FHM-N48 Part no: KL.1560E.033, Brand new 100%#&CN"
"LCD screen panel for laptop, size 13"", part No: CP794441-XX, brand BOE, no payment. 100% brand new."
"LCD panel of laptop screen, Model: LM156LF2F01 Part No: KL.15603.006, BOE brand, 15.6-inch size. New 100%"
"LCD panel of laptop screen, Model: LM156LFCL13 part NO: KL.15603.010, BOE brand, 15.6-inch size. New 100%"
"LCD panels laptop screen. Model: NT156WHM-N44 Part no: KL.1560E.014, New 100% # & CN"
"LCD panels laptop screen. Model: NE135FBM-N41 Part no: KL.1350E.002, New 100% # & CN"
"LCD panels laptop screen. Model: NT156FHM-N61 Part no: KL.1560E.015, New 100% # & CN"
LCD panel of laptop screen. Model: LM156LF2F03 Part No: KL.15603.007
"PANTALLA DE LAPTOP,AU OPTRONICS,B173HAN01.0,|SPS-LCD RAW PANEL 17.3 LED AG FHD FLAT|936915-001|SPS-LCD RAW PANEL 17.3 LED AG FHD FLAT|936915-001,COD.PRODUCTO: 936915-001"
LCD PANEL (DISPLAY WITHOUT COSMETIC PLASTICS) USED IN LAPTOP HP 14- BS020LA LTNA
"PANTALLA DE LAPTOP,LG DISPLAY,S/M,|PANTALLA DE LAPTOP|TFD LCD DSPLY RAW PANEL 14 WLED OSS1560|,COD.PRODUCTO: 763566-001"
"PANTALLA DE LAPTOP,HEWLETT PACKARD,B156HTN01.1,|PANTALLA DE LAPTOP|TFT LCD SPS-DSPLY PANEL KIT 15.6 AG FHD TS REACHER 1.X|,COD.PRODUCTO: 788608-001"
"PANTALLA DE LAPTOP, S/M, B14OHAN O2.1|PANTALLA DE LAPTOP|SPS- RAW PANEL LCD 14 FHD AG LED UWVA|N¦ PARTE: L14347-001"
"PANEL LCD, SAMSUNG, S/M|BA59-04261A|RESPUESTOS DE LAPTOP|LCD PANEL-15.6 FHD;NT156FHM-N41,FHD,220N"
"PANTALLA DE LAPTOP,BOE,S/M,|PANTALLA DE LAPTOP (RAW PANNEL)|TFT LCD SPS-LCD RAW PANEL 15.6 FHD AG POTTER|,COD.PRODUCTO: L20376-001"
"PANTALLA DE LAPTOP,AU OPTRONICS,B156HTN03,|PANTALLA DE LAPTOP (RAW PANNEL)|SPS-LCD RAW PANEL 15.6 AG FHD TS|,COD.PRODUCTO: L20376-001"
"PANTALLA DE LAPTOP,LG DISPLAY,LP156WF6,|PANTALLA DE LAPTOP (SIN CARCASA) / ES RAW PANEL|TFD LCD SPS-LCD PNL 15.6 HD AG WLED UWVA ROLLBAR 1.X|,COD.PRODUCTO: L00867-001"
"LCD panels 14 ""laptops, LCD 14.0"" LED HD US EDP, manufacturer Asus, the new 100%"
"LCD panels 14 ""laptops, X412UA LCD_BKT FHD 14.0-1G, the manufacturer Asus, the new 100%"
"LCD panels 15 ""mounted in the laptop, LCD 15.6"" HD SLIM GLARE EDP // AUO / B156XTN04.5 (H / W: 6A), Model 18010-15612700, manufacturer Asus, the new 100%"
"LCD panels 13 ""mounted in the laptop, LCD 13.3"" FHD WV US EDP // AUO / B133HAN04.9 (HW: 0A), Model 18010-13301500, manufacturer Asus, the new 100%"
"LCD panels 15 ""mounted in the laptop, LCD 15.6"" FHD VWV EDP // PANDA / LM156LFCL03, Model 18010-15670400, manufacturer Asus, the new 100%"
"LCD panels 15 ""for laptops, LCD 15.6"" FHD VWV EDP // LGD / LP156WFC-SPd1, Model 18010-15624600"
"LCD panels 15 ""for laptops, LCD 15.6"" FHD 144HZ VWV EDP // PANDA / LM156LF2F01, Model 18010-15671200, manufacturer Asus, the new 100%"
"LCD panels 15 ""for laptops, LCD 15.6"" FHD 240Hz // WV EDP SHARP / LQ156M1JW09, Model 18010-15680200, manufacturer Asus, the new 100%"
"LCD panels 13 ""for laptops, UX334FAC-3B 13.3"" FHD G WV // COVER, Model 90NB0MX3-R20010, manufacturer Asus, the new 100%"
COMPONENTS LCD PANEL FOR LAPTOP S1J-JE5A008-I75 SPARE PARTS / ACCESSORIES / COMPONENT FOR LAPTOP F.O.C
COMPONENTS LCD PANEL FOR LAPTOP S1J-JE5A009-S44 SPARE PARTS / ACCESSORIES / COMPONENT FOR LAPTOP F.O.C
COMPONENTS LCD PANEL FOR LAPTOP S1J-JE0A006-A90 SPARE PARTS / ACCESSORIES / COMPONENT FOR LAPTOP F.O.C
COMPONENTS LCD PANEL FOR LAPTOP S1J-7E0A050-A90 SPARE PARTS / ACCESSORIES / COMPONENT FOR LAPTOP F.O.C
COMPONENTS LCD PANEL FOR LAPTOP S1J-7E6A001-A90 SPARE PARTS / ACCESSORIES / COMPONENT FOR LAPTOP F.O.C
COMPONENTS LCD PANEL FOR LAPTOP S1J-4E8G002-LB2 SPARE PARTS / ACCESSORIES / COMPONENT FOR LAPTOP F.O.C
COMPONENTS LCD PANEL FOR LAPTOP S1J-4E0A017-B51 SPARE PARTS / ACCESSORIES / COMPONENT FOR LAPTOP F.O.C
COMPONENTS LCD PANEL FOR LAPTOP S1J-7E0A038-A90 SPARE PARTS / ACCESSORIES / COMPONENT FOR LAPTOP F.O.C
BRACKET FOR LCD PANEL FOR LAPTOP PART FOR LAPTOP
"TK2000003A#&Metal film , coated with metal , size 187mm*302mm , used in manufacturing touch screen devices (glued to protective panels , flexible circuit boards , LCD panels) of laptops , 100% new"
"PANTALLA DE LAPTOP , BOE , S-M|PANTALLA DE LAPTOP FULL HD 14|SPS-LCD RAW PANEL 14.0 FHD AG UWVA 250N|N° PARTE: M21389-001"
"PANTALLA DE LAPTOP , BOE , S-M|M16628-001|SPS-LCD RAW PANEL 14 FHD BV UWVA NWBZ|N° PARTE: M16628-001"
COMPONENTS LCD PANEL FOR LAPTOP S1J-AE6A003-B51 SPARE PARTS / ACCESSORIES / COMPONENT FOR LAPTOP F.O.C
LAPTOP >> 643919-001 LCD BEZEL W- CAM 8460p WEBCAM FITTED WITH PANEL - DISPLAY FOR LAPTOP
LAPTOP >> 698523-001 DSPLY RAW PANEL 14.0 LCD HD BV FLAT FOR LAPTOP -
"PARTS >> LCD PANEL -14"" PARTS FOR LAPTOP UNBRANDED -"
"PARTS >> LCD PANEL -8.9"" PARTS FOR LAPTOP UNBRANDED -"
"PARTS >> LCD PANEL -7"" PARTS FOR LAPTOP UNBRANDED -"
"PARTS >> LCD PANEL -15.6"" PARTS FOR LAPTOP UNBRANDED -"
"LAPTOP >> LAPTOP LCD BA59-02954A 14"" LCD-PANEL FOR LAPTOP-LCD PANEL-140HD:LTN140A - T21-8 , 14.0HD , SMS"
"LAPTOP >> LAPTOP LCD BA59-03602A 14"" LCD PANEL FOR LAPTOP-LCD PANEL 140HD;N140BGE - -L32 , 140HD 200N A"
LAPTOP >> 727663-001 DSPLY RAW PANEL 7 TFT LCD TS FOR LAPTOP -
LAPTOP >> LCD PANEL 6430 S A-1904-875-A SVD11218CC - PART OF LAPTOP
LAPTOP >> LCD PANEL S A-1706-731-A VGN-P70H - PART OF LAPTOP
"LAPTOP >> 487434-001 PANEL , LCD , 14.1 WXGA LED W-CAM WEBCAM FITTED WIT - H PANEL DISPLAY FOR LAPTOP"
LAPTOP >> 643918-001 LCD BEZEL W- CAM 6460b WEBCAM FITTED WITH PANEL - DSPLY FOR LAPTOP
"LAPTOP >> 483202-001 PANEL , LCD , 14.1 WXGA AG LEDBL FOR LAPTOP -"
"LAPTOP >> BA59-03367A 15.6"" LCD PANEL-156HD FOR LAPTOP:N156BGE-L11 , 156 - HD 220N , N"
"PARTS >> LAPTOP PARTS BA59-02629A LAPTOP PARTS-11.6"" LCD PANEL-116HD LTN116AT01-8 , - 116HD , 200NI"
"PARTS >> LAPTOP PARTS BA59-03584A LAPTOP PARTS-11.6"" LCD-PANEL-116HD;B116XW03 V1 -"
LAPTOP >> LCD DISPLAY PANEL FOR LAPTOP 7 INCH -
"LAPTOP >> BA59-03144A 15.6"" LCD-PANEL FOR LAPTOP-15.6"" LCD PANEL-156HD - LTN156KT06-8 , 156HD+ , SMS"
LAPTOP >> REFURBISHED 646664-001 DSPLY LCD 14 HD BV WBC-MIC PWTR WBC- - MIC FITTED WITH PANEL DISPLAY FOR LAPTOP
"LAPTOP >> LAPTOP LCD BA59-03157A 15.6"" FOR LAPTOP-LCD PANEL-156HD:LTN156AT19-0 , 15 - 6HS , SMS , 2"
"PARTS >> LAPTOP PARTS BA59-02954A LAPTOP PARTS-14"" LCD PANEL-140HD: LTN140AT21-8 , - 14.0HD , SMS"
"LAPTOP >> LAPTOP LCD BA59-03013A 12.5"" LCD-PANEL FOR LAPTOP-LCD PANEL-12.5 HD N-G - L-SLIM:LTN125AT03-8"
PARTS >> PANEL PARTS KL.14005.007 LED LCD PANEL AUO 14 WXGA NONE GLARE B140XTN03.3 LED LCD PANEL PARTS OF LAPTOP
"PANTALLA DE LAPTOP, HP, S/M|781091-001|PANEL DE LAPTOP|TFT LCD PANEL KIT LCD 11.6 SVA W/BEZEL|N¦ PARTE: 906791-001"
"PANTALLA DE LAPTOP, AU OPTRONICS, B173HAN01.0|SPS-LCD RAW PANEL 17.3 LED AG FHD FLAT|SPS-LCD RAW PANEL 17.3 LED AG FHD FLAT|PANTALLA DE LAPTOP,AU OPTRONICS,B173HAN01.0,|936915-001,N¦ PARTE: 936915-001"
"PANTALLA DE LAPTOP , BOE , S-M|PANTALLA DE LAPTOP FULL HD 14|SPS-LCD RAW PANEL 14.0 FHD AG UWVA 250N|N¦ PARTE: M21389-001 HSN Code :8473300000"
"PANEL DE NB , INNOLUX , S-M|L78045-001|PANTALLA DE LAPTOP (SIN CARCASA) |SPS-RAW PANEL LCD 13 FHD AG UWVA 250|N¦ PARTE: L78045-001"
"RAW PANEL , HP , B116XTN02.3|RAW PANEL (SOLO DISPLAY) DE LAPTOP|TFD LCD SPS-LCD PANEL 1|N¦ PARTE: L02782-001"
"PANTALLA DE LAPTOP 14"" , HP , S-M|L51119-888|SPS-RAW PANEL LCD 14 FHD AG UWVA 250|N¦ PARTE: L51119-888"
"PANTALLA DE LAPTOP 13.3 , AU OPTRONICS , B133HAC02.0|L96786-001|PANEL LCD 13.3 W-BEZEL FHD 400NTS NFB|N¦ PARTE: L96786-001"
"PANTALLA DE LAPTOP 15 , AU OPTRONICS , B156HAN02.7|M09824-001|SPS-LCD PANEL 15.6 FHD BV LED UWVA|N¦ PARTE: M09824-001"
"PANTALLA DE LAPTOP 15.6+ , S-M , S-M|M20688-001|SPS-LCD RAW PANEL 15.6 FHD UWVA250144HZ|N¦ PARTE: M20688-001"
"PANTALLA DE LAPTOP 15.6 , AU OPTRONICS , BI56HAN 08.4|M20688-001|SPS-LCD RAW PANEL 15.6 FHD UWVA250144HZ|N¦ PARTE: M20688-001"
"PANTALLA DE LAPTOP 14"" , HP , S-M|M73584-001|SPS-RAW PANEL LCD 14 FHD AG UWVA 250 TOP|N¦ PARTE: M73584-001"
"PANTALLA DE LAPTOP 15.6 , AU OPTRONICS , B156HAN08.4|M20688-001|SPS-LCD RAW PANEL 15.6 FHD UWVA250144HZ|N° PARTE: M20688-001"
"PANTALLA DE LAPTOP 14 , BOE , S-M|M07093-001|SPS-RAW PANEL LCD 14 FHD AG UWVA 400|N° PARTE: M07093-001"
"PANTALLA DE LAPTOP 15+ , LG DISPLAY , B156HAN02.7|M09824-001|SPS-LCD PANEL 15.6 FHD BV LED UWVA|N¦ PARTE: M09824-001"
"PANTALLA DE 14 HD PARA LAPTOP , HP , S-M|L53829-001|SPS-LCD PANEL 14 HD AG LED SVA RAMLA 1.X|N¦ PARTE: L53829-001"
"PANTALLA DE LAPTOP 13.3 , AU OPTRONICS , B133HAC02.0|L96786-001|PANEL LCD 13.3 W-BEZEL FHD 400NTS NFB|N° PARTE: L96786-001"
"PANTALLA DE LAPTOP DE 17"" , HP , S-M|L92496-001|PANEL LCD KIT.3 UHD AG SBK|N¦ PARTE: L92496-001"
"PANTALLA DE LAPTOP 15.6"" , AU OPTRONICS , B156HAN09.1|M22913-001|SPS-LCD RAW PANEL 15.6 FHD UWVA 400N EDP|N¦ PARTE: M22913-001"
"PANTALLA DE LAPTOP 15.6 , AU OPTRONICS , B156HAN08 . 4|M20688-001|SPS-LCD RAW PANEL 15.6 FHD UWVA250144HZ|N° PARTE: M20688-001"
"PANTALLA DE LAPTOP 15+ , AU OPTRONICS , B156HAN02.7|M09824-001|SPS-LCD PANEL 15.6 FHD BV LED UWVA|N¦ PARTE: M09824-001"
"PANTALLA DE LAPTOP 15.6 , HP , S-M|M45118-001|SPS-LCD PANEL KIT 15.6FHD AG UWVA 250 TS|N° PARTE: M45118-001"
"PANTALLA DE LAPTOP , HP , S-M|M16628-001|SPS-LCD RAW PANEL 14 FHD BV UWVA NWBZ|N° PARTE: M16628-001"
"DO CO017201874723 CODIGO / RESOLUCION USUARIO TRAMITE SIMPLIFICADO (UTS): B00134; PEDIDO TRAMITE: SERVICIOS DECLARACION(1-6) FACTURA: LAS_CO_230830 FECHA: 2023-08-30 COD PRODUCTO: 5M10U50337, LCD TOUCH PANEL; PRODUCTO: CUBIERTA COVER LCD, DESTINO: EQUIPOSDE COMPUTO, MARCA: THINKSMART//LENOVO, REFERENCIA: 5M10U50337, SERIAL: 8SSD10Y57056OJHF13K0010 //, PAIS ORIGEN: CHINA - 215. CANT (1) UNIDAD (ITEM 2). COD PRODUCTO: 01HX940, MAIN BOARD; PRODUCTO: TARJETA MADRE, DESTINO: COMPUTADORES PORTATILES LENOVO T490S (TYPE 20NX, 20NY) LAPTOP (THINKPAD), MARCA: LENOVO, REFERENCIA: 01HX940, SERIAL: 8SSB20G79812L1HF98D02BM //, PAIS ORIGEN: CHINA - 215. CANT (1) UNIDAD (ITEM 39). COD PRODUCTO: 01HX946, MAIN BOARD; PRODUCTO: TARJETA MADRE (TARJETA DEL SISTEMA), DESTINO:EN COMPUTADORES PORTÃTILES LENOVO, MARCA: LENOVO, REFERENCIA: 01HX946, SERIAL: 8SSB20G79813L1HF9BV01BV //, PAIS ORIGEN: CHINA - 215. CANT (1) UNIDAD (ITEM 40). COD PRODUCTO: 01LW343, MAIN BOARD; PRODUCTO: TARJETA MADRE (TARJETA DEL SIS"
"DO CO017201806923 CODIGO / RESOLUCION USUARIO TRAMITE SIMPLIFICADO (UTS): B00134; PEDIDO TRAMITE: SERVICIOS DECLARACION(4-4) FACTURA: LAS_CO_230823 FECHA: 2023-08-23 COD PRODUCTO: 5D10W42366, LCD TOUCH PANEL; PRODUCTO: PANTALLA LCD 14 FHD TN AG, DESTINO:PARA EQUIPO T490 (TYPE 20N2, 20N3) LAPTOP (THINKPAD), T490 (TYPE 20RY, 20RX) LAPTOP (THINKPAD), MARCA: AU OPTRONICS, REFERENCIA: 5D10W42366, MODELO: B140HTN02.0 // SERIAL: 8SSD10W42365A1RW11E01YL, PAIS ORIGEN: CHINA - 215. CANT (1) UNIDAD (ITEM 19). COD PRODUCTO: 5D10P54235, LCD TOUCH PANEL; PRODUCTO: PANEL DE PANTALLA DE PORTATIL, DESTINO: PARA EQUIPOS E41-25 LAPTOP (LENOVO), MARCA: AU OPTRONICS, REFERENCIA: 5D10P54235, MODELO:B140XTN02.E /SERIAL: 8S5D10P54235A1FW11S1KH3, PAIS ORIGEN: CHINA - 215. CANT (1) UNIDAD (ITEM 36). COD PRODUCTO: 5D10P54235, LCD TOUCH PANEL; PRODUCTO: PANEL DE PANTALLA DE PORTATIL, DESTINO: PARA EQUIPOS E41-25 LAPTOP (LENOVO), MARCA: AU OPTRONICS, REFERENCIA: 5D10P54235, MODELO:B140XTN02.E / SERIAL: 8S5D10P5423"
"PANTALLA DE LAPTOP 15.6"" , S-M , B156HAN09|M22913-001|SPS-LCD RAW PANEL 15.6 FHD UWVA 400N EDP|N° PARTE: M22913-001"
"TAPA FRONTAL CON TECLADO DE FU S-M S-M|PROTEGE LA PARTE INTERNA Y CONTROLA LAS FUNCIONES DEL PRODUCTO - MATERIA: COBRE Y PLÁSTI|PARA LAPTOP|LCD PANEL-156HD;B156XTN02.1 , 156HD 220N N|BA59-03306A"
"CUBIERTA CON TECLADO , TARJETAS MISELANEAS. PARTES DE PC , SYSTEMS MOTHEBOARDS. PANEL LCD DE LAPTOP"
LCD PANEL. PARTES DE LAPTOP
LCD PANEL. PARTE DE LAPTOP
"PANTALLA DE LAPTOP 15.6"" , AU OPTRONICS , B156HAN09.1|M22913-001|SPS-LCD RAW PANEL 15.6 FHD UWVA 400N EDP|N° PARTE: M22913-001"
"DO CO017201632123 CODIGO / RESOLUCION USUARIO TRAMITE SIMPLIFICADO (UTS): B00134; PEDIDO TRAMITE: SERVICIOS DECLARACION(4-4) FACTURA: LAS_CO_0706 FECHA: 2023-07-06 COD PRODUCTO: 5D10P54235, LCD TOUCH PANEL; PRODUCTO: PANEL DE PANTALLA DE PORTATIL, DESTINO: PARA EQUIPOS E41-25 LAPTOP (LENOVO), MARCA: AU OPTRONICS, REFERENCIA: 5D10P54235, MODELO: B140XTN02, SN: 8S5D10P54235A1FW11P1H76, PAIS ORIGEN: CHINA - 215. CANT (1) UNIDAD (ITEM 23). COD PRODUCTO: 5D10R04645, LCD TOUCH PANEL; PRODUCTO: PANTALLA PARA COMPUTADORA, DESTINO: COMPUTADORES PORTATILES LENOVO 330S-15IKB, MARCA: AU OPTRONICS, REFERENCIA: 5D10R04645, MODELO: B156HAN02, SN: 8S5D10R04645A1FW1A41T4F, PAIS ORIGEN: CHINA - 215. CANT (1) UNIDAD (ITEM 40). COD PRODUCTO: 5B20U54610, MAIN BOARD; PRODUCTO:TARJETA MADRE, DESTINO: EQUIPO DE COMPUTO, MARCA: CHUANYI, REFERENCIA: 5B20U54610, SN: 8SSB20N60812C1KS1CG00TW, PAIS ORIGEN: CHINA - 215. CANT (1) UNIDAD (ITEM 72). COD PRODUCTO: 5B21B85188, MAIN BOARD; PRODUCTO: TARJETA MADRE, DESTINO"
"PANTALLA DE LAPTOP , BOE , S-M|PANTALLA DE LAPTOP FULL HD 14|SPS-LCD RAW PANEL 14.0 FHD AG UWVA 250N|N¦ PARTE: M21389-001"
PARTES PARA COMPUTADORES PERSONALES (LAPTOP) PANEL DE PANTALLA LCD MARCA GENERICA MODELO GENERICO
SYSTEM BOARDS. PANEL LCD. PARTES DE LAPTOP
PANTALLA LED SLIM 14 PARA PORTATIL WXGA 1366X768 HD CON SOPORTES DE TORNILLOS SUPERIOR E INFERIOR CONECTOR 30 PIN NT140WHM-N41 NT140WHM-N31 PANEL 0C8WJ LAPTOP LED LCD SCREEN 14.0 WXGA HD 30 PIN
"DO CO017201582423 CODIGO / RESOLUCION USUARIO TRAMITE SIMPLIFICADO (UTS): B00134; PEDIDO TRAMITE: SERVICIOS DECLARACION(3-5) FACTURA: LAS_CO_0614 FECHA: 2023-06-14 COD PRODUCTO: 5D10W46479, LCD TOUCH PANEL; PRODUCTO: PANTALLA PARA PORTATIL, DESTINO: PARAEQUIPO L14 (TYPE 20U1, 20U2) LAPTOPS (THINKPAD), MARCA: AU OPTRONICS, REFERENCIA: 5D10W46479, MODELO:B140HAK03.2, SERIAL: 8SSD10W73326A1SZ1AS01D4, PAIS ORIGEN: CHINA - 215. CANT (1) UND (ITEM 5). COD PRODUCTO: 5D10P54235, LCD TOUCH PANEL; PRODUCTO: PANELDE PANTALLA DE PORTATIL, DESTINO: PARA EQUIPOS E41-25 LAPTOP (LENOVO), MARCA: AU OPTRONICS, REFERENCIA: 5D10P54235, SERIALES: 8S5D10P54235A1FW11R1H35, 8S5D10P54235A1FW11R1GVC, MODELO:B140XTN02.E, PAIS ORIGEN: CHINA - 215. CANT (2) UND (ITEM 13). COD PRODUCTO: 5D10P54235, LCD TOUCH PANEL; PRODUCTO: PANEL DE PANTALLA DE PORTATIL, DESTINO: PARA EQUIPOS E41-25 LAPTOP (LENOVO), MARCA: AU OPTRONICS, REFERENCIA: 5D10P54235, MODELO:B140XTN02.E,SERIALES: 8S5D10P54235A1FW11R1GXK, 8S5D10P54235A1FW1"
"SYSTEM MOTHERBOARD , LCD PANEL , CARS , MISC INTERNAL. CUBIERTAS DE LAPTOP CON TECLADOSPARTES DE PC"
PARTES PARA COMPUTADORAS PERSONALES (LAPTOP) PANEL LCD MARCA LENOVO MODELO 01YN150
"PANTALLA DE LAPTOP 15 , AU OPTRONICS , B156HAN02.7|M09824-001|SPS-LCD PANEL 15.6 FHD BV LED UWVA|N° PARTE: M09824-001"
PARTES PARA COMPUTADORA PERSONAL (LAPTOP) PANEL LCD MARCA LENOVO MODELO 5D11C67446
REPUESTOS PARA LAPTOP M03766-001 LCD LED DISPALY 14 FHD PANEL FOR HP NO VISIBLE MIA000039005319
PARTES PARA COMPURADORAS PERSONALES (LAPTOP) PANEL LCD MARCA LENOVO MODELO 5D10R41284
"PANTALLA DE LAPTOP DE 14"" , AU OPTRONICS , B140HAN04.D|M47408-001|SPS-LCD RAW PANEL 14 FHD AG UWVA 250|N° PARTE: M47408-001"
"PANTALLA DE LAPTOP 14 , AU OPTRONICS , B140HAN06.7|M07093-001|SPS-RAW PANEL LCD 14 FHD AG UWVA 400|N° PARTE: M07093-001"
"PANTALLA DE LAPTOP 14"" , BOE , S-M|M52487-001|SPS-RAW PANEL LCD 14 FHD AG UWVA 250|N° PARTE: M52487-001"
PANTALLA DE LAPTOP 15.6 PULGADAS SPS-LCD RAW PANEL 15.6 HD BV SVA 250 HP - B156XTN08.0 N° PARTE: M4
PANEL LCD PARA LAPTOP <6712663182>
"PANTALLA DE LAPTOP 13.3 , AU OPTRONICS , B133UAN01.3|PANTALLA DE LAPTOP 13.3|SPS-LCD RAW PANEL 13.3 WUXGA 400 NWBZFLT|N° PARTE: M52804-001"
"LCD screen panel for laptop , size 14''. Brand: BOE. P-N: CP818194-XX. Sample. 100% new"
"DO CO017201603423 CODIGO / RESOLUCION USUARIO TRAMITE SIMPLIFICADO (UTS): B00134; PEDIDO TRAMITE: SERVICIOS DECLARACION(1-2) FACTURA: LAS_CO_0621 FECHA: 2023-06-21 COD PRODUCTO: 5D11D04240, LCD TOUCH PANEL; PRODUCTO: PANEL LCD CON CONTROLADORES, MARCA: HKC, MODELO: NO TIENE, REFERENCIA: 5D11D04240, USO O DESTINO: EQUIPOS DE COMPUTO, SERIAL: 8SSD11D04239K1MS1CD10H6, PAIS ORIGEN: CHINA - 215. CANT (1) UNIDAD (ITEM 1). COD PRODUCTO: 5D10K85755, LCD TOUCH PANEL; PRODUCTO: PANTALLA PARA COMPUTADORA, MARCA: INNOLUX, MODELO: NO TIENE, REFERENCIA: 5D10K85755, USO O DESTINO: COMPUTADORES PORTATILES LENOVO V310-14ISK LAPTOP (LENOVO), 510S-14ISK LAPTOP (IDEAPAD), E41-10 LAPTOPS (LENOVO), SERIAL: 8S5D10K85755C1NB9BKT1DZ, PAIS ORIGEN: CHINA - 215. CANT (1) UNIDAD (ITEM 2). COD PRODUCTO: 5D11B81385, LCD TOUCH PANEL; PRODUCTO: PANTALLA LCD CON CONTROLADORES, MARCA: BOE, MODELO: NO TIENE, REFERENCIA: 5D11B81385, USO O DESTINO: EQUIPO DE COMPUTO, SERIAL: 8SSD11B81386B1CQ21W03C2., PAIS ORIGEN: CHINA - 2"
"DO CO017201632123 CODIGO / RESOLUCION USUARIO TRAMITE SIMPLIFICADO (UTS): B00134; PEDIDO TRAMITE: SERVICIOS DECLARACION(2-4) FACTURA: LAS_CO_0706 FECHA: 2023-07-06 COD PRODUCTO: 5M11H78631, LCD TOUCH PANEL; PRODUCTO: PANEL LCD CON CONTROLADORES, MARCA: LENOVO, MODELO: NO TIENE, REFERENCIA: 5M11H78631, USO O DESTINO: EQUIPOS DE COMPUTO, SERIAL: 8SST50S7508132SG27T0714, PAIS ORIGEN: CHINA - 215. CANT (1) UNIDAD (ITEM 3). COD PRODUCTO: 5D10S39810, LCD TOUCH PANEL; PRODUCTO: PANEL LCD CON CONTROLADORES, MARCA: AU OPTRONICS, MODELO: B140QAN05, REFERENCIA: 5D10S39810, USO O DESTINO: EN EQUIPOS DE COMPUTO, SERIAL: 8SST51J7461131SZ2AD0125, 8SST51J7461131SZ2AD0410, PAIS ORIGEN: CHINA - 215. CANT (2) UNIDAD (ITEM 4). COD PRODUCTO: 01EN364, LCD TOUCH PANEL; PRODUCTO: PANTALLA LCD CON CONTROLADORES PARA COMPUTADORA, MARCA: IVO, MODELO: NO TIENE, REFERENCIA: 01EN364, USO O DESTINO: PARA EQUIPO X250 LAPTOP (THINKPAD), SERIAL: 8SSD10L79738V2KS99E0557, PAIS ORIGEN: CHINA - 215. CANT (1) UNIDAD (ITEM 5"
S31N072KLD001R NS14A6PURA-E4 LCD PANEL SPARE PARTS / ACCESSORIES / COMPONENT FOR LAPTOP
S31N050KLD001R NE14A2 LCD PANEL SPARE PARTS / ACCESSORIES / COMPONENT FOR LAPTOP
L56982-001 TFD LCD SPS-LCD PANEL 14 FHD AG LED UWVA RAMLA 1.X FOR LAPTOP
M14357-001 STN LCD SPS-LCD RAW PANEL 13.3 FHD BV UWVA 250FOR LAPTOP
M20119-001 STN LCD SPS-RAW PANEL LCD 17.3 FHD 300 FOR LAPTOP
L58720-001 TFD LCD SPS-RAW PANEL LCD 15 FHD AG LED UWVA COCONUT 1.X FOR LAPTOP
N13295-001 LCD SPS-RAW PANEL 15.6 FHD UWVA 250N144HZ FOR LAPTOP
M73584-001 STN LCD SPS-RAW PANEL LCD 14 FHD AG UWVA 250 TOP FOR LAPTOP
M35813-001 RAW PANEL LCD 15.6 FHD AG 250 TOP FOR LAPTOP
M16630-001 STN LCD SPS-LCD RAW PANEL 14 FHD AG UWVA 250 FOR LAPTOP
M31096-001 STN LCD SPS-RAW PANEL LCD 15.6 FHD AG UWVA 250FOR LAPTOP
M34158-001 STN LCD SPS-RAW PANEL LCD 14 FHD AG UWVA 250N FOR LAPTOP
M47408-001 STN LCD SPS-LCD RAW PANEL 14 FHD AG UWVA 250 FOR LAPTOP
M35814-001 STN LCD SPS-RAW PANEL LCD 15.6 FHD AG UWVA 400FOR LAPTOP
M93644-001 LCD SPS-LCD RAW PANEL 15.6 FHD AG LWBLULT FOR LAPTOP
M07092-001 STN LCD SPS-RAW PANEL LCD 14 FHD AG UWVA 250 FOR LAPTOP
M30680-001 STN LCD SPS-RAW PANEL 13.3 FHD AG LED UWVA 1000FOR LAPTOP
"LAPTOP LCD PANEL, 15.6INCH NT156WHM-N44"
"LAPTOP LCD PANEL, 15.6INCH NT156WHM-N10"
L52213-001 TFT LCD SPS-RAW PANEL LCD 15.6 HD AG SVA PIGEON151.X FOR LAPTOP
M62239-001 STN LCD SPS-RAW PANEL 16.1 FHD LWBLULT 300 144HZ FOR LAPTOP
M31097-001 STN LCD SPS-RAW PANEL LCD 15.6 HD AG SVA 250 FOR LAPTOP
L13835-001 SPS-RAW PANEL LCD 14 HD AG LED SVA FOR LAPTOP
L24376-001 TFD LCD SPS-LCD RAW PANEL 15.6 FHD 144HZ NB GAMORA FOR LAPTOP
N00081-001 LCD SPS-RAW PANEL 14 FHD AG 400 FOR LAPTOP
N00082-001 LCD SPS-RAW PANEL 14 FHD AG 250 FOR LAPTOP
N12900-001 LCD SPS-RAW PANEL 14 HD AG SVA 250N FOR LAPTOP
N06893-001 LCD SPS-RAW PANEL 15.6 FHD AG UWVA 400N FOR LAPTOP
M40931-001 STN LCD RAW PANEL FOR LAPTOP
M10794-001 STN LCD SPS-LCD RAW PANEL 15.6 FHD UWVA250144HZFOR LAPTOP
N19251-001 LCD SPS-RAW PANEL LCD 16 WUXGA AG 1000 FOR LAPTOP
N13687-001 LCD SPS-RAW PANEL 14 HD AG SVA 250N FOR LAPTOP
M54732-001 STN LCD SPS-RAW PANEL 16.1FHD AG UWVA250 E1.2 SFOR LAPTOP
N08381-001 LCD SPS-RAW PANEL 14 FHD AG UWVA 400 NWBZ FOR LAPTOP
"LAPTOP LCD PANEL, 15.6 INCH B156HAN13.1"
"LAPTOP LCD PANEL, 15.6 INCH N156HRA-EA1"
"LAPTOP LCD PANEL, 15.6 INCH N156BGA-EA3"
"LAPTOP LCD PANEL, 14.0 INCH N140HCA-EAE"
"LAPTOP LCD PANEL, 13.3 INCH N133GCA-GQ1"
"LAPTOP LCD PANEL, 14.0 INCH B140HAN04.8"
"LAPTOP LCD PANEL, 14.0 INCH B140HTN02"
"LAPTOP LCD PANEL, 14.0 INCH LQ140T1JH01"
"LAPTOP LCD PANEL, 14.0 INCH NT140WHM-N44"
LAPTOP LCD PANEL MNF601BS1-1
"LAPTOP LCD PANEL, 15.6 INCH B156HTN06.2"
"LAPTOP LCD PANEL, 14.0INCH N140HCA-E5B"
"LAPTOP LCD PANEL, 14.0 INCH B140XTN02.E/D"
"LAPTOP LCD PANEL, 14.0 INCH B140XTN02.6"
"LAPTOP LCD PANEL, 17.3 INCH N173HCE-G33"
"LAPTOP LCD PANEL, 13.3 INCH B133HAN06.6"
"LAPTOP LCD PANEL, 13.3 INCH N133HCE-EN2"
"LAPTOP LCD PANEL, 16.1 INCH N161HCA-EA3"
"LAPTOP LCD PANEL, 13.3 INCH NE133QDM-N60"
"LAPTOP LCD PANEL, 15.6 INCH LQ156M1JW26"
M99955-005 LCD SKO-RAW PANEL 13.3 FHD AG WLED NB 250N FOR LAPTOP
N13805-001 LCD SPS-RAW PANEL 16.1 FHD AG 250 144HZ FOR LAPTOP
N00083-001 LCD SPS-RAW PANEL 14 HD AG 250 FOR LAPTOP
N14763-001 LCD SPS-RAW PANEL LCD 16 WUXGA 1000 FOR LAPTOP
M40933-001 STN LCD RAW PANEL FOR LAPTOP
M15718-001 STN LCD SPS-LCD RAW PANEL 11.6 HDAG UWVA 220 TOP FOR LAPTOP
N12897-001 LCD SPS-RAW PANEL FOR LAPTOP
N14759-001 LCD SPS-RAW PANEL LCD 13 WUXGA 1000 FOR LAPTOP
M35813-001 LCD SPS-RAW PANEL LCD 15.6 FHD AG 250 TOP M35813-001 RAW PANEL LCD 15.6 FHD AG 250 TOP FOR LAPTOP
M52487-001 STN LCD SPS-RAW PANEL LCD 14 FHD AG UWVA 250 FOR LAPTOP
M16631-001 STN LCD SPS-LCD RAW PANEL 14 FHD AG UWVA 250 TOP FOR LAPTOP
LCD >> LCD SPS M15404-001 STN LCD SPS-PANEL RAW 14 FHD AG 45% 250N EDP TOP FOR LAPTOP
LCD >> PANEL LCD L30383-001 SPS-RAW PANEL LCD 15.6 UHD AG UWVA FOR LAPTOP
LCD >> LCD SPS M47408-001 STN LCD SPS-LCD RAW PANEL 14 FHD AG UWVA 250 FOR LAPTOP
M31115-001 STN LCD SPS-RAW PANEL LCD 15.6 FHD AG SVA 250 FOR LAPTOP
M14359-001 SPS-LCD RAW PANEL 13.3 UHD BV UWVA 550 FOR LAPTOP
LCD >> SPS LCD L62984-001 TOUCH PANEL SPS-LCD HU14 FHD AG LED UWVA 400 WWANTS FOR LAPTOP
L01103-001 SPS-RAW PANEL LCD 14 FHD AG UWVA FOR LAPTOP
M31117-001 STN LCD SPS-RAW PANEL LCD 15.6 FHD AG UWVA 250FOR LAPTOP
used laptop front LCD SCREEN panel qty: 323-pcs
L24374-001 SPS-LCD RAW PANEL 15.6 FHD 60Hz NB FOR LAPTOP
L13836-001 RAW PANEL LCD 14 FHD AG LED UWVA FOR LAPTOP
M15404-001 STN LCD SPS-PANEL RAW 14 FHD AG 45% 250N EDP TOP FOR LAPTOP
840943-001 SPS-LCD RAW PANEL B LED 15.6 UHD UWVA AG FOR LAPTOP
M79312-001 LCD SPS-RAW PANEL LCD FHD BV UWVA SLIM FOR LAPTOP
M21871-001 STN LCD SPS-PANEL RAW 15.6UHDAGUWVA400EPSR2 FOR LAPTOP
M35815-001 STN LCD SPS- RAW PANEL LCD 15.6 UHD UWVA 400 FOR LAPTOP
L01073-001 SPS-LCD PANEL KIT 13.3 SVA TS FOR LAPTOP
L01102-001 SPS-LCD PANEL KIT 14 SVA TS FOR LAPTOP
L62783-001 TFT LCD SPS-PANEL KIT 15FHD AG UWVA 250N TOP CRESCENT15 1.X FOR LAPTOP
"LAPTOP LCD PANEL , 14.0 INCH N140HGA-EA1"
"LAPTOP LCD PANEL,14.0 INCH B140HAN01.3"
"LAPTOP LCD PANEL,13.3 INCH N133HCA-E5A"
"LAPTOP LCD PANEL,16.1 INCH N161HCA-GA1"
M35814-001 S TN LCD SPS-RAW PANEL LCD 15.6 FHD AG UWVA 400 FOR LAPTOP
M73584-001 S TN LCD SPS-RAW PANEL LCD 14 FHD AG UWVA 250 TOP FOR LAPTOP
M47408-001 S TN LCD SPS-LCD RAW PANEL 14 FHD AG UWVA 250 FOR LAPTOP
M62239-001 S TN LCD SPS-RAW PANEL 16.1 FHD LWBLULT 300 144HZ FOR LAPTOP
M07092-001 S TN LCD SPS-RAW PANEL LCD 14 FHD AG UWVA 250 FOR LAPTOP
M21736-001 S TN LCD SPS-RAW PANEL 15.6 HD AG SVA 45% 250N FOR LAPTOP
"PANTALLA LCD CON PANEL TACTIL PARA TERMINAL HUAWEI MRGFG-X (REPUESTO DE LAPTOP) , HUAWEI, S-|DISPLAY AND TP LAMINATED MODULE,MORGAN-W5651T,14.2"",3120*RGB*2080,550 NITS TYP,BLACK,2.7MM|00060423A0XIGMCHN02K|PANTALLA LCD CON PANEL TACTIL PARA TERMINAL HUAWEI MRGFG-X (REPUESTO DE LAPTOP) |PART NUMBER: 23021270"
"PANTALLA DE LAPTOP 15"" , S-M , S-M|N08594-001|SPS-RAW PANEL LCD 15 HD AG SVA 250E|N° PARTE: N08594-001"
"PANTALLA DE LAPTOP 15"" , BOE , S-M|N08594-001|SPS-RAW PANEL LCD 15 HD AG SVA 250E|N° PARTE: N08594-001"
"Samsung brand warranty components , 100% new products , 15.6"" LCD PANEL USED FOR LAPTOPS , Model: BA59-04269A"
"PANTALLA DE LAPTOP FHD 15.6 , AU OPTRONICS , B156HAN09.1|M35814-001|SPS-RAW PANEL LCD 15.6 FHD AG UWVA 400|N° PARTE: M35814-001"
"14 inch LCD panel for laptop , brand ; MSI , Part.NO.S1J-4E0A021-I75 , 100% brand new"
"PANTALLA DE LAPTOP FHD + , S-M , S-M|N08591-001|SPS-RAW PANEL LCD 15 FHD AG SVA 250E|N¦ PARTE: N08591-001"
"PANTALLA DE LAPTOP FHD + , S-M. , S-M.|N08591-001|SPS-RAW PANEL LCD 15 FHD AG SVA 250E|N¦ PARTE: N08591-001"
"PANTALLA DE LAPTOP FHD 15.6 , S-M , S-M|M35814-001|SPS-RAW PANEL LCD 15.6 FHD AG UWVA 400|N¦ PARTE: M35814-001"
"Laptop LCD panel , size 14inch , brand:LG , Part Number :CP829287-XX , Not paid for , 100% New"
"LCD panel of laptop screen 16"" flat (EAJ65830701) , 100% new"
"PANTALLA DE LAPTOP 15"" , HP , S-M|N08594-001|SPS-RAW PANEL LCD 15 HD AG SVA 250E|N° PARTE: N08594-001"
"Laptop LCD panel brand:AUO , model:R920 , code:B116XTK01.0 , size:16inch , sample for personal use , 100% brand new"
"Laptop LCD panel , size 14"" , CE LCD E14 FHD PN CP829287-XX , Fujitsu Brand"
M21737-001 S TN LCD SPS-RAW PANEL 15.6 FHD AG UWVA 250N FOR LAPTOP
M24291-001 RAW PANEL LCD 13.3 FHD 250 HDC TOP FOR LAPTOP
M30680-001 S TN LCD SPS-RAW PANEL 13.3 FHD AG LED UWVA 1000 FOR LAPTOP
M31097-001 S TN LCD SPS-RAW PANEL LCD 15.6 HD AG SVA 250 FOR LAPTOP
M21389-001 S TN LCD SPS-LCD RAW PANEL 14.0 FHD AG UWVA 250N FOR LAPTOP
M16628-001 S TN LCD SPS-LCD RAW PANEL 14 FHD BV UWVA 250 FOR LAPTOP
M15404-001 S TN LCD SPS-PANEL RAW 14 FHD AG 45% 250N EDP TOP FOR LAPTOP
M31117-001 S TN LCD SPS-RAW PANEL LCD 15.6 FHD AG UWVA 250 FOR LAPTOP
Panel LCD Display sin plasticos cosmeticosusado en HP Laptop 14ck0001la
"15"" LCD DISPLAY PANEL FOR LAPTOP COMPUTER"
"14"" LCD DISPLAY PANEL FOR LAPTOP COMPUTER"
LCD >> LCD PANEL L01675-001 SPS-LCD PANEL 15.6 FHD AG LED UWVA TS FOR LAPTOP
LCD >> SPS LCD 840943-001 SPS-LCD RAW PANEL B LED 15.6 UHD UWVA AG FOR LAPTOP
LCD >> LCD PANEL 864975-001 SPS-LCD PANEL 15.6 AG FHD UWVA SLIM TS FOR LAPTOP
LCD >> SPS LCD 844861-001 SPS-LCD Raw Panel 12 WUXGA+BV W-Bezel TS FOR LAPTOP
LCD >> SPS LCD L24378-001 SPS-LCD RAW PANEL 15.6 UHD 60Hz NB FOR LAPTOP
LCD >> LCD PANEL L01675-001 SPS-LCD PANEL 15.6 FHD AG LED UWVA TS FOR LAPTOP -
"LCD >> LCD PANEL 906791-001 ASSY , LCD PANEL KIT 11.6 SVA W-BEZEL FOR LAPTOP"
LCD >> SPS LCD L24378-001 SPS-LCD RAW PANEL 15.6 UHD 60Hz NB FOR LAPTOP -
LCD >> PANEL LCD L13836-001 SPS-RAW PANEL LCD 14 FHD AG LED UWVA FOR LAPTOP -
LCD >> PANEL LCD L30383-001 SPS-RAW PANEL LCD 15.6 UHD AG UWVA FOR LAPTOP -
LCD >> PANEL LCD L01103-001 SPS-RAW PANEL LCD 14 FHD AG UWVA FOR LAPTOP -
LCD >> LCD PANEL 848178-001 LCD PANEL KIT 13.3 FHD AG DBG FOR LAPTOP
LCD >> SPS LCD 828422-001 SPS-LCD RAW PANEL 15.6 HD SVA AG DISPLAY FOR LAPTOP
LCD >> PANEL LCD L01103-001 SPS-RAW PANEL LCD 14 FHD AG UWVA FOR LAPTOP
LCD >> PANEL LCD L01105-001 SPS-RAW PANEL LCD 14 HD SVA WWAN FOR LAPTOP
LCD >> PANEL LCD L01104-001 SPS-RAW PANEL LCD 14 HD SVA FOR LAPTOP
"LCD >> LCD PANEL 906791-001 ASSY , LCD PANEL KIT 11.6 SVA W-BEZEL FOR LAPTOP -"
LCD >> PANEL LCD L01105-001 SPS-RAW PANEL LCD 14 HD SVA WWAN FOR LAPTOP -
LCD >> SPS LCD L20379-001 SPS-LCD RAW PANEL 15.6 HD BV FOR LAPTOP -
LCD >> PANEL LCD L13836-001 SPS-RAW PANEL LCD 14 FHD AG LED UWVA FOR LAPTOP
LCD >> PANEL LCD L01076-001 SPS-RAW PANEL LCD 13.3 HD SVA FOR LAPTOP -
LCD >> PANEL LCD L01104-001 SPS-RAW PANEL LCD 14 HD SVA FOR LAPTOP -
LCD >> LCD PANEL 807532-001 SPS-LCD PANEL KIT 15.6 FHD W-BEZEL FOR LAPTOP
LCD >> LCD PANEL 934967-001 SPS-LCD PANEL KIT 14 FHD BV FOR LAPTOP
LCD >> SPS LCD 864838-001 SPS-LCD RAW PANEL 14 LED HD SVA AG SLIM FOR LAPTOP
PANELES LCD PARA LAPTOP
Panel LCD sin plasticos para el Display del modelo HP Laptop HP 15T-DY000
LCD >> LCD SPS M21737-001 STN LCD SPS-RAW PANEL 15.6 FHD AG UWVA 250N FOR LAPTOP
LCD >> SPS LCD 934967-001 SPS-LCD PANEL KIT 14 FHD BV FOR LAPTOP
LCD >> LCD SPS M31117-001 STN LCD SPS-RAW PANEL LCD 15.6 FHD AG UWVA 250FOR LAPTOP
LCD >> SPS LCD L24374-001 SPS-LCD RAW PANEL 15.6 FHD 60Hz NB FOR LAPTOP
LCD >> LCD SPS M52698-001 STN LCD SPS-LCD RAW PANEL 14 FHD AG UWVA 250 FOR LAPTOP
LCD >> LCD SPS M21389-001 STN LCD SPS-LCD RAW PANEL 14.0 FHD AG UWVA 250NFOR LAPTOP
LCD >> LCD SPS M52804-001 STN LCD SPS-LCD RAW PANEL 13.3 WUXGA 400 NWBZFLT FOR LAPTOP
"LCD >> LCD SPS M52804-001 STN LCD SPS-LCD RAW PANEL 13.3 WUXGA 400 NWBZFLT FOR LAPTOP B/A-4546,B/G-1137"
15.6 LCD DISPLAY PANEL FOR LAPTOP COMPUTER WITH STD. ACC.
LCD >> LCD SPS M30680-001 STN LCD SPS-RAW PANEL 13.3 FHD AG LED UWVA 1000FOR LAPTOP
"INNOLUX 15.6 inch LCD screen panel for laptop, model: 15.6IPS N156HCA EAB, nsx: Innolux Corporation technology Co.,LTD, Goods are not finished screen products, 100% new"
"BOE 14.0 inch LCD panel for laptop, model: 14.0EDP NT140WHM N44, nsx: CHONGQING BOE OPTOELECTRONICS TECHNOLOGY CO.,LTD, Goods are not finished products, 100% new"
"14.0 inch BOE color display LCD panel for laptop, model : NT140WHM-N41, goods are not complete screens. NSX:HK G-WORLD DISPLAY ELECTRONICS LIMITED ,100% new"
"BOE 15.6 inch LCD screen panel for laptop, model: 15.6EDP NT156WHM N32, nsx: CHONGQING BOE OPTOELECTRONICS TECHNOLOGY CO.,LTD, Goods are not finished products, 100% new"
"LCD screen panels show the 15.6-inch BoE color for laptops, model: NT156WHM-N32, goods are not complete screen. NSX: HK G-World Display Electronics Limited, 100% new"
"LCD screen panels show the 14.0-inch BoE color for laptops, model: NT140WHM-N41, goods are not complete screen. NSX: HK G-World Display Electronics Limited, 100% new"
"LCD screen panels show the 15.6-inch BoE color for laptops, model: NT156FHM-N41, goods are not complete screen. NSX: HK G-World Display Electronics Limited, 100% new"
"I.NNOLUX 15.6 inch LCD screen panel for laptop, model: 15.6EDP N156BGA EA3, nsx: Innolux Corporation technology Co.,LTD, Goods are not finished screen products, 100% new"
"1.5.6 inch INNOLUX color display LCD panel for laptop, model : N156HGA-EA3, goods are not complete screens. NSX:HK G-WORLD DISPLAY ELECTRONICS LIMITED ,100% new"
"15.6 inch INNOLUX color display LCD panel for laptop, model N156BGA-EA3, not a complete display product. NSx: HK G-WORLD DISPLAY ELECTRONICS LIMITED ,100% new"
"INNOLUX 14.0 inch color display LCD panel for laptop, model : N140HCA-EAC, goods are not complete screens. NSX:HK G-WORLD DISPLAY ELECTRONICS LIMITED ,100% new"
"15.6 inch BOE color display LCD panel for laptop, model :NV156FHM-T06, goods are not complete screens. NSX:HK G-WORLD DISPLAY ELECTRONICS LIMITED ,100% new"
HEWLETT PACKARD BRAND SPS RAW PANEL LCD 14 FHD AG UWVA 250 FOR LAPTOP PART NO. M07092001
HEWLETT PACKARD BRAND SPS LCD RAW PANEL 15.6 HD BV SVA 250 FOR LAPTOP PART NO. M29206001
HEWLETT PACKARD BRAND SPS LCD RAW PANEL 15.6 FHD AG SVA 250 FOR LAPTOP PART NO. M16337001
HEWLETT PACKARD BRAND SPS RAW PANEL LCD 15.6 HD AG SVA FOR LAPTOP PART NO. L52213001
"I.NNOLUX 14.0 inch LCD screen panel for laptop, model: 14.0EDP N140HCA EAC, nsx: Innolux Corporation technology Co.,LTD, Goods are not finished screen products, 100% new"
"B.OE 15.6 inch LCD screen panel for laptop, model: 15.6EDP NT156WHM N42, nsx: CHONGQING BOE OPTOELECTRONICS TECHNOLOGY CO.,LTD, Goods are not finished screen products, 100% new"
"1.4.0 inch BOE color display LCD panel for laptop, model : NT140WHM-N47 , goods are not complete screens. NSX:HK G-WORLD DISPLAY ELECTRONICS LIMITED ,100% new"
"BOE 15.6 inch LCD screen panel for laptop , model: 15.6EDP NT156WHM N44 , nsx: CHONGQING BOE OPTOELECTRONICS TECHNOLOGY CO. , LTD , Goods are not finished screen products , 100% new"
"15.6 inch BOE color display LCD panel for laptop, model :NT156WHM-N42, goods are not complete screens. NSX:HK G-WORLD DISPLAY ELECTRONICS LIMITED ,100% new"
"INNOLUX 15.6 inch color display LCD panel for laptop, model :N156HRA-GAA, goods are not complete screens. NSX:HK G-WORLD DISPLAY ELECTRONICS LIMITED ,100% new"
"INNOLUX 14.0 inch LCD screen panel for laptop, model: 14.0EDP N140BGA EA4, nsx: Innolux Corporation technology Co.,LTD, Goods are not finished screen products, 100% new"
".#&BOE 14.0 inch color LCD screen panel for laptop, model : NT140WHM-N47, 100% new (Laptop screen (Replacing for Laptop Lenovo Thinkpad t14S G1))"
HEWLETT PACKARD BRAND SPS- LCD RAW PANEL 15.6 HD BV SVA 250 (FOR LAPTOP) PART NO: M40933-001
HEWLETT PACKARD BRAND SPS- RAW PANEL LCD 15.6 UHD UWVA 400 FOR LAPTOP PART NO.: M35815-001.
HEWLETT PACKARD BRAND SPS RAW PANEL LCD 15 FHD AG SVA 250e FOR LAPTOP PART NO N08591-001
B/W H/C PANEL DISPLAY LAPTOP LCD PNL 14 FHD AG UWVA 250NWBZ SLIM FOR HP 240 G8 NOTEBOOK PC
"15.6 inch AUO LCD screen panel for laptop , model: 15.6FHD B156HTN03 .8 , nsx: AU Optronics Corporation. Goods are not finished products. 100% new"
"14.0 inch INNOLUX color display LCD panel for laptop , model :N140HCR-GL2 , not a complete display product. NSX:HK G-WORLD DISPLAY ELECTRONICS LIMITED , 100% new"
"14.0 inch BOE color display LCD panel for laptop , model :NT140WHM-N41 , goods are not complete screens. NSX:HK G-WORLD DISPLAY ELECTRONICS LIMITED , 100% new"
"BOE 15.6 inch LCD screen panel for laptop , model: 15.6EDP NT156WHM N10 , nsx: CHONGQING BOE OPTOELECTRONICS TECHNOLOGY CO. , LTD , The goods are not finished screen products , 100% new"
"INNOLUX 14.0 inch color display LCD panel for laptop , model :N140HCA-EAC , goods are not complete screens. NSX:HK G-WORLD DISPLAY ELECTRONICS LIMITED , 100% new"
"15.6 inch INNOLUX color display LCD panel for laptop , model :N156HCA-EAB , goods are not complete screens. NSX:HK G-WORLD DISPLAY ELECTRONICS LIMITED , 100% new"
"15.6 inch BOE color display LCD panel for laptop , model :NV156FHM-NH1 , goods are not complete screens. NSX:HK G-WORLD DISPLAY ELECTRONICS LIMITED , 100% new"
"15.6 inch BOE color display LCD panel for laptop , model :NT156FHM-N41 , goods are not complete screens. NSX:HK G-WORLD DISPLAY ELECTRONICS LIMITED , 100% new"
"INNOLUX 15.6 inch color LCD display panel for laptop , model: N156BGA-EA3 , product is not a complete screen. Manufacturer:HK G-WORLD DISPLAY ELECTRONICS LIMITED , 100% new"
"INNOLUX 14.0 inch color LCD display panel for laptop , model: N140HCE-G52 , product is not a complete screen. Manufacturer:HK G-WORLD DISPLAY ELECTRONICS LIMITED , 100% new"
"BOE 14.0 inch color LCD display panel for laptop , model: NT140WHM-N47 , product is not a complete screen. Manufacturer:HK G-WORLD DISPLAY ELECTRONICS LIMITED , 100% new"
"AUO 14.0 inch color LCD display panel for laptop , model: B140XTN03.1 , product is not a complete screen. Manufacturer:HK G-WORLD DISPLAY ELECTRONICS LIMITED , 100% new"
"BOE 14.0 inch color LCD display panel for laptop , model: NT140WHM-N41 , product is not a complete screen. Manufacturer:HK G-WORLD DISPLAY ELECTRONICS LIMITED , 100% new"
"INNOLUX 15.6 inch color LCD display panel for laptop , model: N156HCA-EAB , product is not a complete screen. Manufacturer:HK G-WORLD DISPLAY ELECTRONICS LIMITED , 100% new"
"BOE 15.6 inch color LCD display panel for laptop , model: NT156WHM-N32 , product is not a complete screen. Manufacturer:HK G-WORLD DISPLAY ELECTRONICS LIMITED , 100% new"
"BOE 14.0 inch color LCD display panel for laptop , model: NV140FHM-N4W , product is not a complete screen. Manufacturer:HK G-WORLD DISPLAY ELECTRONICS LIMITED , 100% new"
"INNOLUX 15.6 inch color LCD display panel for laptop , model: N156HRA-EA1 , product is not a complete screen. Manufacturer:HK G-WORLD DISPLAY ELECTRONICS LIMITED , 100% new"
"INNOLUX 14.0 inch color LCD display panel for laptop , model: N140BGA-EA4 , product is not a complete screen. Manufacturer:HK G-WORLD DISPLAY ELECTRONICS LIMITED , 100% new"
HEWLETT PACKARD BRAND SPS LCD RAW PANEL 140 FHD AG UWVA 250N FOR LAPTOP PART NO M21389-001
"BOE 15.6 inch LCD screen panel for laptop , model: 15.6EDP NT156WHM N42 , manufacturer: CHONGQING BOE OPTOELECTRONICS TECHNOLOGY CO. , LTD , Goods are not complete screen products , 100% new"
"BOE brand LCD screen panel 14.0 inch for laptop , model: 14.0EDP NT140WHM N41 , manufacturer: CHONGQING BOE OPTOELECTRONICS TECHNOLOGY CO. , LTD , Goods are not complete screen products , 100% new"
"INNOLUX brand LCD screen panel 14.0 inch for laptop , model: 14.0IPS N140HCA GA3 , manufacturer: Innolux Corporation technology Co. , LTD , Goods are not complete screen products , 100% new"
"BOE 15.6 inch LCD screen panel for laptop , model: 15.6EDP NT156WHM N10 , manufacturer: CHONGQING BOE OPTOELECTRONICS TECHNOLOGY CO. , LTD , Goods are not complete screen products , 100% new"
"INNOLUX brand LCD screen panel 14.0 inch for laptop , model: 14.0EDP N140BGA EA4 , manufacturer: Innolux Corporation technology Co. , LTD , Goods are not complete screen products , 100% new"
"BOE 14.0 inch LCD screen panel for laptop , model: 14.0EDP NT140WHM N47 , manufacturer: CHONGQING BOE OPTOELECTRONICS TECHNOLOGY CO. , LTD , Goods are not complete screen products , 100% new"
"BOE 15.6 inch LCD screen panel for laptop , model: 15.6EDP NT156WHM N44 , manufacturer: CHONGQING BOE OPTOELECTRONICS TECHNOLOGY CO. , LTD , Goods are not complete screen products , 100% new"
"BOE 15.6 inch LCD screen panel for laptop , model: NT156WHM-N32 , Manufacturer: CHONGQING BOE OPTOELECTRONICS TECHNOLOGY CO. , LTD , goods are not complete screen products , 100% new"
"BOE 14.0 inch LCD screen panel for laptop , model: NT140WHM-N44 , Manufacturer: CHONGQING BOE OPTOELECTRONICS TECHNOLOGY CO. , LTD , goods are not complete screen products , 100% new"
HEWLETT PACKARD BRAND SPS LCD RAW PANEL 156 FHD AG UWVA 250 FOR LAPTOP P # M16339-001
HEWLETT PACKARD BRAND SPS LCD RAW PANEL 156 HD BV SVA FOR LAPTOP P # L78716-001
HEWLETT PACKARD BRAND SPS LCD RAW PANEL 140 FHD AG UWVA 250N FOR LAPTOP P # M21389-001
HEWLETT PACKARD BRAND SPS- LCD RAW PANEL 140 FHD AG UWVA 250N (FOR LAPTOP) PART NO: M21389-001
"BOE 15.6 inch color LCD display panel for laptop , model: TV156FHM-NH1 , product is not a complete screen. Manufacturer:HK G-WORLD DISPLAY ELECTRONICS LIMITED , 100% new"
HEWLETT PACKARD BRAND SPS- RAW PANEL LCD 14 HD AG UWVA (FOR LAPTOP) PART NO: L52222-001
HEWLETT PACKARD BRAND SPS- LCD RAW PANEL 156 FHD UWVA 250 (FOR LAPTOP) PART NO: M16339-001
"AUO 14.0 inch LCD screen panel for laptops , model: 14.0IPS B140HAN04.0 , manufacturer: AU Optronics Corporation. The goods are not complete screen products. 100% new"
"AUO 15.6 inch LCD screen panel for laptops , model: 15.6IPS B156HAN02.5 , manufacturer: AU Optronics Corporation. The goods are not complete screen products. 100% new"
"BOE 14.0 inch LCD screen panel for laptop , model: 14.0EDP NT140WHM N44 , manufacturer: CHONGQING BOE OPTOELECTRONICS TECHNOLOGY CO. , LTD , Goods are not complete screen products , 100% new"
"INNOLUX brand LCD screen panel 15.6 inch for laptop , model: 15.6IPS N156HCA EAC , manufacturer: Innolux Corporation technology Co. , LTD , Goods are not complete screen products , 100% new"
"BOE 15.6 inch LCD screen panel for laptop , model: 15.6FHD NT156FHM N41 , manufacturer: CHONGQING BOE OPTOELECTRONICS TECHNOLOGY CO. , LTD , Goods are not complete screen products , 100% new"
"BOE 14.0 inch LCD screen panel for laptop , model: 14.0EDP NT140WHM N41 , manufacturer: CHONGQING BOE OPTOELECTRONICS TECHNOLOGY CO. , LTD , Goods are not complete screen products , 100% new"
"BOE 15.6 inch color LCD display panel for laptop , model: NT156FHM-N41 , product is not a complete screen. Manufacturer:HK G-WORLD DISPLAY ELECTRONICS LIMITED , 100% new"
"INNOLUX 14.0 inch color LCD display panel for laptop , model: N140HCA-EAC , product is not a complete screen. Manufacturer:HK G-WORLD DISPLAY ELECTRONICS LIMITED , 100% new"
"BOE 15.6 inch color LCD display panel for laptop , model: NT156WHM-N10 , product is not a complete screen. Manufacturer:HK G-WORLD DISPLAY ELECTRONICS LIMITED , 100% new"
"AUO 15.6 inch color LCD display panel for laptop , model: B156XW04 V6 , product is not a complete screen. Manufacturer:HK G-WORLD DISPLAY ELECTRONICS LIMITED , 100% new"
"INNOLUX 15.6 inch color LCD display panel for laptop , model: N156HRA-GAA , product is not a complete screen. Manufacturer:HK G-WORLD DISPLAY ELECTRONICS LIMITED , 100% new"
HEWLETT PACKARD BRAND SPS LCD RAW PANEL 156 HD BV SVA 250 FOR LAPTOP PART NO M40933-001
"BOE 15.6 inch color LCD display panel for laptop , model: NT156WHM-N44 , product is not a complete screen. Manufacturer:HK G-WORLD DISPLAY ELECTRONICS LIMITED , 100% new"
HEWLETT PACKARD BRAND SPS-RAW PANEL LCD 14 HD AG SVA FOR LAPTOP PART NO: L44576-001
"INNOLUX 15.6 inch color LCD display panel for laptop , model: N156HGE-EAL , product is not a complete screen. Manufacturer:HK G-WORLD DISPLAY ELECTRONICS LIMITED , 100% new"
