https://www.ebay.com/sch/i.html?_ssn=lcdtech889&store_name=lcdtech889&_oac=1&LH_ItemCondition=3&LH_PrefLoc=2&_sop=12,lcdtech889
https://www.ebay.com/sch/i.html?_ssn=lcdbeststore&store_name=lcdbeststore&_oac=1&_sop=16&LH_ItemCondition=3&LH_PrefLoc=2,lcdbeststore
https://www.ebay.com/sch/i.html?_ssn=best-past&store_name=best-past&_oac=1&_sop=16&LH_ItemCondition=3&LH_PrefLoc=2,best-past
https://www.ebay.com/sch/i.html?_ssn=laptopservicecenter&store_name=laptopservicecenter&_oac=1&_sop=16&LH_ItemCondition=3&LH_PrefLoc=2,laptopservicecenter
https://www.ebay.com/sch/i.html?_ssn=dl_lcd&store_name=dl_lcd&_oac=1&_sop=16&LH_ItemCondition=3&LH_PrefLoc=2,dl_lcd
https://www.ebay.com/sch/i.html?_ssn=laptop_screen&store_name=laptop_screen&_oac=1&_sop=16&LH_ItemCondition=3&LH_PrefLoc=2,laptop_screen
https://www.ebay.com/sch/i.html?_ssn=xydlcd&store_name=xydlcd&_oac=1&_sop=16&LH_ItemCondition=3&LH_PrefLoc=2,xydlcd
https://www.ebay.com/sch/i.html?_ssn=screen-expert&store_name=screen-expert&_oac=1&_sop=16&LH_ItemCondition=3&LH_PrefLoc=2,screen-expert
https://www.ebay.com/sch/i.html?_ssn=sta-lcd&store_name=sta-lcd&_oac=1&_sop=16&LH_ItemCondition=3&LH_PrefLoc=2,sta-lcd
https://www.ebay.com/sch/i.html?_ssn=newtime-2013&store_name=newtime-2013&_oac=1&_sop=16&LH_ItemCondition=3&LH_PrefLoc=2,newtime-2013
https://www.ebay.com/sch/i.html?_ssn=lcd4notebook&store_name=lcd4notebook&_oac=1&_sop=16&LH_ItemCondition=3&LH_PrefLoc=2,lcd4notebook
https://www.ebay.com/sch/31569/i.html?_ssn=cdsmicro&store_name=cdsmicro&_oac=1&LH_ItemCondition=3&LH_PrefLoc=2&_sop=10,cdsmicro
https://www.ebay.com/sch/i.html?_ssn=nbl_lcd&store_name=nbl_lcd&_oac=1&_sop=16&LH_ItemCondition=3&LH_PrefLoc=2,nbl_lcd
https://www.ebay.com/sch/i.html?_ssn=lcdscreen2019&store_name=lcdscreen2019&_oac=1&LH_ItemCondition=3&LH_PrefLoc=2&_sop=10,lcdscreen2019
https://www.ebay.com/sch/i.html?_ssn=szcsalelcd2019&store_name=szcsalelcd2019&_oac=1&LH_ItemCondition=3&LH_PrefLoc=2&_sop=10,szcsalelcd2019
https://www.ebay.com/sch/i.html?_ssn=laptop-screen-store&store_name=laptop-screen-store&_oac=1&LH_ItemCondition=3&LH_PrefLoc=2&_sop=10,laptop-screen-store
https://www.ebay.com/sch/i.html?_ssn=toplcdscreen&store_name=toplcdscreen&_oac=1&LH_ItemCondition=3&LH_PrefLoc=2&_sop=10,toplcdscreen
https://www.ebay.com/sch/i.html?_ssn=dl.lcd&store_name=dl.lcd&_oac=1&LH_ItemCondition=3&LH_PrefLoc=2&_sop=10,dl.lcd
https://www.ebay.com/sch/31569/i.html?_ssn=tenwings2007&store_name=crosswings&_oac=1&_sop=10&LH_PrefLoc=2,tenwings
https://www.ebay.com/sch/31569/i.html?_ssn=win0win&store_name=win0win&_oac=1&LH_ItemCondition=1000&LH_PrefLoc=2&_sop=10,win0win
https://www.ebay.com/sch/31569/i.html?_ssn=notebookaid&store_name=notebookaid&_oac=1,notebookaid
https://www.ebay.com/sch/31569/i.html?_ssn=screengoodall&store_name=screengoodall&_oac=1,screengoodall
https://www.ebay.com/sch/31569/i.html?_ssn=aqscreenlcd&store_name=aqscreens&_oac=1&LH_PrefLoc=98,aqscreens
https://www.ebay.com/sch/i.html?_fsrp=1&_ssn=lcd_guarantee&_from=R40&_nkw=screen&_sacat=0&LH_PrefLoc=2&LH_ItemCondition=3&_sop=15,LCD Guarantee
https://www.ebay.com/sch/31569/i.html?_ssn=123screen2019&store_name=123screen2019&_oac=1&LH_PrefLoc=2,123screen2019
https://www.ebay.com/sch/31569/i.html?_ssn=nimsul8&store_name=laptopandcomputerpartssolutions&_oac=1,nimsul8
https://www.ebay.com/sch/i.html?_dkr=1&iconV2Request=true&_blrs=recall_filtering&_ssn=compupartssolutions&store_cat=0&store_name=compupartsolutionsinc&_oac=1&_nkw=screen&_sop=15&LH_PrefLoc=2&rt=nc,compupartssolutions
https://www.ebay.com/sch/31569/i.html?_ssn=somanyparts&store_name=somanyparts&_oac=1&_fsrp=1&_sop=10,somanyparts
https://www.ebay.com/sch/31569/i.html?_ssn=123screen2014&store_name=123screen2014&_oac=1,123screen2014
https://www.ebay.com/sch/i.html?_dkr=1&iconV2Request=true&_blrs=recall_filtering&_ssn=26xiong&store_name=26xiong&_oac=1&_nkw=screen&_sop=15&rt=nc,26xiong
https://www.ebay.com/sch/31569/i.html?_ssn=goodlucky2015&store_name=goodlucky2015&_oac=1,goodlucky2015
https://www.ebay.com/sch/31569/i.html?_ssn=timsing&store_name=timsing&_oac=1&LH_PrefLoc=2,timsing
https://www.ebay.com/sch/31569/i.html?_ssn=1995computerparts&store_name=1995computerparts&_oac=1,1995computerparts
https://www.ebay.com/sch/i.html?_dkr=1&iconV2Request=true&_blrs=recall_filtering&_ssn=lcd_guarantee&store_name=rockawaysolutions&_oac=1&store_cat=21773002015,LCD Guarantee
https://www.ebay.com.au/sch/31569/i.html?_ssn=lcdoled-market&store_name=lcdoledmarket&_oac=1&LH_PrefLoc=2,lcdoled-market
https://www.ebay.com/sch/31569/i.html?_ssn=123screen2021&store_name=panelstore&_oac=1,123screen2021
https://www.ebay.com/sch/31569/i.html?_ssn=notebookpart&store_name=notebookpart&_oac=1,Notebookpart
https://www.ebay.com/sch/31569/i.html?_ssn=lalawin2023&store_name=lalawin&_oac=1&LH_PrefLoc=2,lalawin2023
https://www.ebay.com/sch/31569/i.html?_ssn=xmssparts0033&store_name=shishunstore&_oac=1&LH_PrefLoc=2,xmssparts0033
https://www.ebay.com/sch/31569/i.html?_ssn=bumblesale&store_name=ukscreenspecialists&_oac=1&LH_PrefLoc=2&_pgn=2,bumblesale
https://www.ebay.com/sch/31569/i.html?_ssn=lcds2clear&store_name=laptopscreenclearancespecialists&_oac=1&LH_PrefLoc=2,LCDS2CLEAR
https://www.ebay.com/sch/31569/i.html?_ssn=bumblesale&store_name=ukscreenspecialists&_oac=1&LH_PrefLoc=2,UK Screen Specialists
https://www.ebay.com/sch/31569/i.html?_ssn=laptopparts21&store_name=laptopparts21&_oac=1&LH_PrefLoc=2,laptopparts21
https://www.ebay.com/sch/i.html?store_name=boiletvoo001&_ssn=boiletvoo-001&LH_PrefLoc=2&_oac=1&_fcid=1,boiletvoo001
