Adder WS (addw3),"15.6"" 1920x1080@144Hz LCD",BOE NV156FHM-N4K
Adder WS (addw3),"17.3"" 1920x1080@144Hz LCD",BOE NV173FHM-N4C
Adder WS (addw3),"17.3"" 1920x1080@144Hz LCD",BOE NE173FHM-NX1
Adder WS (addw3),"17.3"" 1920x1080@144Hz LCD",BOE NV173FHM-NY2
Bonobo WS (bonw15),"17.3"" 3840x2160@144Hz LCD",BOE NE173QUM-NY1
Bonobo WS (bonw15),"17.3"" 2560x1440@240Hz LCD",BOE NE173QHM-NZ1
Darter Pro (darp9),"15.6"" 1920x1080@60Hz LCD",Innolux N156HCA-E5B
Darter Pro (darp9),"15.6"" 1920x1080@60Hz LCD",BOE NV156FHM-N4M
Darter Pro (darp9),"15.6"" 1920x1080@60Hz LCD",BOE NV156FHM-N4V
Darter Pro (darp9),"15.6"" 1920x1080@60Hz LCD",BOE NV156FHM-N63
Galago Pro (galp7),"14.1"" 1920x1080@144Hz LCD",Sharp LQ140M1JW49
Gazelle (gaze18),"17.3"" 1920x1080@144Hz LCD",BOE NV173FHM-N4C
Gazelle (gaze18),"17.3"" 1920x1080@144Hz LCD",BOE NE173FHM-NX1
Gazelle (gaze18),"17.3"" 1920x1080@144Hz LCD",BOE NV173FHM-NY2
Gazelle (gaze18),"17.3"" 1920x1080@144Hz LCD",BOE NE173QHM-NY3
Gazelle (gaze18),"15.6"" 1920x1080@144Hz LCD",BOE NV156FHM-N4K
Gazelle (gaze18),"15.6"" 1920x1080@144Hz LCD",BOE NV156FHM-NX4
Gazelle (gaze18),"15.6"" 1920x1080@144Hz LCD",BOE NE156QHM-NY5
Gazelle (gaze18),"15.6"" 1920x1080@144Hz LCD",Innolux N156HCE-EN1
Kudu (kudu6),"15.6"" 1920x1080@144Hz LCD",AUO B156HAN08.4
Lemur Pro (lemp13),"14.0"" 1920x1200@60Hz LCD",Tianma TM140VDHP21
Lemur Pro (lemp13),"14.0"" 1920x1200@60Hz LCD",BOE NE140WUM-N6F
Oryx Pro (oryp11),"16"" 1920x1200@165Hz LCD",BOE NV160WUM-NX2
Pangolin (pang14),"16.1"" 1920x1080@60Hz LCD",Innolux N161HCA-EA3
Serval WS (serw13),"15.6"" 1920x1080@165Hz LCD",BOE NV156FHM-NY8
Serval WS (serw13),"17.3"" 3840x2160@144Hz",AUO B173ZAN03.0
Serval WS (serw13),"17.3"" 2560x1440@240Hz LCD",BOE NE173QHM-NZ1
Adder WS (addw2),"15.6"" 3840x2160@60Hz OLED",Samsung ATNA56WR06
Adder WS (addw1),"15.6"" 3840x2160@60Hz OLED",Samsung ATNA56WR06
Bonobo WS (bonw14),"17.3"" 1920x1080@144Hz LCD",LG LP173WFG-SPB1
Bonobo WS (bonw14),"17.3"" 3840x2160@60Hz LCD",AUO B173ZAN03.0
Darter Pro (darp8),"15.6"" 1920x1080@60Hz LCD",AUO B156HAN02.5
Darter Pro (darp8),"15.6"" 1920x1080@60Hz LCD",BOE NV156FHM-N4H
Darter Pro (darp7),"15.6"" 1920x1080@60Hz LCD",AUO B156HAN02.5
Darter Pro (darp7),"15.6"" 1920x1080@60Hz LCD",BOE NV156FHM-N4H
Darter Pro (darp6),"15.6"" 1920x1080@60Hz LCD",LG LP156WFC-SPD3
Galago Pro (galp6),"14.1"" 1920x1080@60Hz LCD",Panda LM140LF2L02
Galago Pro (galp5),"14.1"" 1920x1080@60Hz LCD",BOE NV140FHM-N62
Galago Pro (galp4),"14.1"" 1920x1080@60Hz LCD",Innolux N140HCA-EAC
Gazelle (gaze17),"17.3"" 1920x1080@144Hz LCD",AUO B173HAN04.9
Gazelle (gaze17),"15.6"" 1920x1080@144Hz LCD",Panda LM156LF-2F01
Gazelle (gaze16),"15.6"" 1920x1080@144Hz LCD",AUO B156HAN08.4
Gazelle (gaze16),"17.3"" 1920x1080@144Hz LCD",LG LP173WFG-SPB3
Gazelle (gaze15),"15.6"" 1920x1080@120Hz LCD",Panda LM156LF2F
Gazelle (gaze15),"17.3"" 1920x1080@120Hz LCD",AUO B173HAN04.7
Lemur Pro (lemp12),"14.0"" 1920x1080@60Hz LCD",Innolux N140HCE-EN2
Lemur Pro (lemp11),"14.0"" 1920x1080@60Hz LCD",Innolux N140HCE-EN2
Lemur Pro (lemp10),"14.0"" 1920x1080@60Hz LCD",Innolux N140HCE-EN3
Lemur Pro (lemp9),"14.0"" 1920x1080@60Hz LCD",Innolux N140HCE-EN4
Oryx Pro (oryp10),"15.6"" 3840x2160@60Hz OLED",Samsung ATNA56WR14-0
Oryx Pro (oryp10),"15.6"" 1920x1080@144Hz LCD",BOE NV156FHM-NY5
Oryx Pro (oryp10),"17.3"" 1920x1080@144Hz LCD",BOE NV173FHM-NY1
Oryx Pro (oryp9),"15.6"" 1920x1080@144Hz LCD",BOE NV156FHM-NY5
Oryx Pro (oryp9),"17.3"" 1920x1080@144Hz LCD",BOE NV173FHM-NY1
Oryx Pro (oryp8),"15.6"" 1920x1080@144Hz LCD",LG LP156WFG-SPB3
Oryx Pro (oryp8),"17.3"" 1920x1080@144Hz LCD",LG LP173WFG-SPB3
Oryx Pro (oryp7),"15.6"" 1920x1080@144Hz LCD",LG LP156WFG-SPB3
Oryx Pro (oryp7),"15.6"" 3840x2160@60Hz OLED",Samsung ATNA56WR06
Oryx Pro (oryp7),"17.3"" 1920x1080@144Hz LCD",LG LP173WFG-SPB
Oryx Pro (oryp6),"15.6"" 1920x1080@144Hz LCD",Panda LM156LF1F
Oryx Pro (oryp6),"17.3"" 1920x1080@144Hz LCD",LG LP173WFG-SPB1
Pangolin (pang13),"15.6"" 1920x1080@144Hz LCD",Innolux N156HRA-EA1
Pangolin (pang12),"15.6"" 1920x1080@144Hz LCD",Innolux N156HRA-EA1
Pangolin (pang11),"15.6"" 1920x1080@60Hz LCD",Innolux N156HCA-EA1
Pangolin (pang10),"15.6"" 1920x1080@60Hz LCD",LG LP156WFC-SPD1
Serval WS (serw12),"15.6"" 1920x1080@144Hz LCD",Panda LM156LF-2F01
Serval WS (serw12),"15.6"" 1920x1080@144Hz LCD",LG P156WFG-SPB2
