https://www.canadacomputers.com/location_details.php?loc=KING," 350 Princess Street, Kingston, ON K7L 1B6, Canada",613-542-8467, kingston@canadacomputers.com
https://www.canadacomputers.com/location_details.php?loc=SCAT," 285 Geneva St, Unit G3 (Fairview Mall), St. Catharines, ON L2N 2G1, Canada",905-988-9881, st.catharines@canadacomputers.com
https://www.canadacomputers.com/location_details.php?loc=OSW," 1300 King Street East, Unit 4-5, Oshawa, ON L1H 8J4, Canada",905-723-0693, oshawa@canadacomputers.com
https://www.canadacomputers.com/location_details.php?loc=WHIT," 1635 Victoria Street E, Unit A016, Whitby, ON L1N 9W4, Canada",905-240-7266, whitby@canadacomputers.com
https://www.canadacomputers.com/location_details.php?loc=BS," 7200 boulevard Taschereau, local 1108, Brossard, QC J4W 1N1, Canada",450-693-0272, brossard@ordinateurscanada.com
https://www.canadacomputers.com/location_details.php?loc=PTCL," 3351A Boulevard des Sources, Dollard-des-Ormeaux, QC H9B 1Z8, Canada",514-685-0355, westisland@ordinateurscanada.com
https://www.canadacomputers.com/location_details.php?loc=OTT2," 3 Roydon Place, Ottawa, ON K2E 1A3, Canada",613-228-1423, merivale@canadacomputers.com
https://www.canadacomputers.com/location_details.php?loc=KANA," 300 Earl Grey Drive, Unit A1 (Kanata Centrum Shopping Centre), Kanata, ON K2T 1B6, Canada",613-435-8660, kanata@canadacomputers.com
https://www.canadacomputers.com/location_details.php?loc=MO," 488 Rue Sainte-Catherine Ouest, Montréal, QC H3B 1A6, Canada",514-447-3471, mcentreville@ordinateurscanada.com
https://www.canadacomputers.com/location_details.php?loc=AJAX," 15 Westney Road North, Unit #17B (Kingston Road E and Westney Road N), Ajax, ON L1T 1P5, Canada",905-231-2186, ajax@canadacomputers.com
https://www.canadacomputers.com/location_details.php?loc=MC," 1001 Rue Du Marché Central, Local A8, Montréal, QC H4N 1J8, Canada",438-228-9944, marchecentral@ordinateurscanada.com
https://www.canadacomputers.com/location_details.php?loc=OD," 279 Laurier Avenue West, Suite 100, Ottawa, ON K1P 5J9, Canada",613-903-5990, odowntown@canadacomputers.com
https://www.canadacomputers.com/location_details.php?loc=LAVAL," 1789-1791 boulevard St-Martin, Laval, QC H7S 1N2, Canada",450-934-6969, laval@ordinateurscanada.com
https://www.canadacomputers.com/location_details.php?loc=OTT3," 1777 Tenth Line Road, Unit C2, Ottawa, ON K1E 3X2, Canada",613-837-0800, orleans@canadacomputers.com
https://www.canadacomputers.com/location_details.php?loc=1203," 1306 Kennedy Road, Scarborough, ON M1P 2L5, Canada",416-915-7558, scarborough@canadacomputers.com
https://www.canadacomputers.com/location_details.php?loc=C343," 284 College Street, Toronto, ON M5T 1R9, Canada",416-926-0107, college@canadacomputers.com
https://www.canadacomputers.com/location_details.php?loc=GT," 25 Chemin de la Savane, Gatineau, QC J8T 8A4, Canada",819-317-1865, gatineau@ordinateurscanada.com
https://www.canadacomputers.com/location_details.php?loc=EGLN," 2433 Yonge Street, Toronto, ON M4P 2E7, Canada",416-488-9618, midtowntoronto@canadacomputers.com
https://www.canadacomputers.com/location_details.php?loc=HAM2," 920 Upper Wentworth Street, Unit 14 (Kingfisher Square), Hamilton, ON L9A 5C5, Canada",905-388-5900, hamilton@canadacomputers.com
https://www.canadacomputers.com/location_details.php?loc=ETOB," 1800 Queensway, Etobicoke, ON M9C 5H5, Canada",416-238-6806, etobicoke@canadacomputers.com
https://www.canadacomputers.com/location_details.php?loc=OA," 240 North Service Road West, Unit P3000, Oakville, ON L6M 2Y1, Canada",289-643-2940, oakville@canadacomputers.com
https://www.canadacomputers.com/location_details.php?loc=MU," 3828 Highway 7, Markham, ON L3R 1L7, Canada","905-947-9000, 905-943-0204", markham@canadacomputers.com
https://www.canadacomputers.com/location_details.php?loc=NO," 6600 Yonge Street, North York, ON M2M 3X4, Canada",416-733-4481, northyork@canadacomputers.com
https://www.canadacomputers.com/location_details.php?loc=BURL," 2020 Appleby Line, Unit B2, Burlington, ON L7L 6M6, Canada",905-635-1238, burlington@canadacomputers.com
https://www.canadacomputers.com/location_details.php?loc=MISS," 720 Burnhamthorpe Road West, Unit 29-30, Mississauga, ON L5C 3G1, Canada",905-232-0551, mississauga@canadacomputers.com
https://www.canadacomputers.com/location_details.php?loc=R-HILL," 1070 Major Mackenzie Drive East, Unit C1, Richmond Hill, ON L4S 1P3, Canada",905-883-0817, richmondhill@canadacomputers.com
https://www.canadacomputers.com/location_details.php?loc=VAUG," 255 Bass Pro Mills Drive, Unit200, Vaughan, ON L4K 0A2, Canada",905-879-1400, vaughan@canadacomputers.com
https://www.canadacomputers.com/location_details.php?loc=1304," 150 West Drive, Unit 19, Brampton, ON L6T 5P1, Canada",905-487-0603, brampton@canadacomputers.com
https://www.canadacomputers.com/location_details.php?loc=NMKT," 1111 Davis Drive, Unit 9-10, Newmarket, ON L3Y 8X2, Canada",905-952-0636, newmarket@canadacomputers.com
https://www.canadacomputers.com/location_details.php?loc=CA," 545 Hespeler Rd. Units 105-108, Cambridge, ON N1R 6J2, Canada",519-624-9311, cambridge@canadacomputers.com
https://www.canadacomputers.com/location_details.php?loc=BARE," 37 Mapleview Drive West, Barrie, ON L4N 9H5, Canada",705-719-2236, barrie@canadacomputers.com
https://www.canadacomputers.com/location_details.php?loc=WATERLOO," 230-234 Weber Street North, Waterloo, ON N2J 3H4, Canada",519-880-8088, waterloo@canadacomputers.com
https://www.canadacomputers.com/location_details.php?loc=LOND," 1045 Wellington Road, London, ON N6E 1W4, Canada",226-213-4688, london@canadacomputers.com
https://www.canadacomputers.com/location_details.php?loc=LN," 94 Fanshawe Park Road East Unit 1, London, ON N5X 4C5, Canada",226-646-7768, lnorth@canadacomputers.com
https://www.canadacomputers.com/location_details.php?loc=QV," 421 rue Soumande, Québec, QC G1M 2X6, Canada",418-478-4148, qcvanier@ordinateurscanada.com
https://www.canadacomputers.com/location_details.php?loc=HL," Unit 36 - 201 Chain Lake Dr., Halifax, NS B3S 1C8, Canada",902-417-0387, halifax@canadacomputers.com
https://www.canadacomputers.com/location_details.php?loc=CQ," 2755 Lougheed Highway, Unit #8, Port Coquitlam, BC V3B 5Y9, Canada",778-730-1749, coquitlam@canadacomputers.com
https://www.canadacomputers.com/location_details.php?loc=SU," Unit 157 - 10090 152nd Street, Surrey, BC V3R 8X8, Canada",778-358-5877, surrey@canadacomputers.com
https://www.canadacomputers.com/location_details.php?loc=BN," 5595A Kingsway, Burnaby, BC V5H 2G3, Canada",778-724-0160, burnaby@canadacomputers.com
https://www.canadacomputers.com/location_details.php?loc=GD," 3057 Grandview Hwy, Vancouver, BC V5M 2E4, Canada",778-724-0335, grandview@canadacomputers.com
https://www.canadacomputers.com/location_details.php?loc=VC," 1750 West Broadway, Vancouver, BC V6J 1Y2, Canada",778-383-7408, vancouver@canadacomputers.com
https://www.canadacomputers.com/location_details.php?loc=RM," #1130 - 4731 McClelland Road, Richmond, BC V6X 0M5, Canada",778-732-0757, richmond@canadacomputers.com
