https://www.shengruihk.com/product/kl-0c741-lt1-acer-chromebook-511-c741lt-ips-11-6-hd-lcd-led-screen-panel/,KL.0C741.LT1 Acer Chromebook 511 C741LT-IPS 11.6″ HD LCD LED Screen Panel,,KL.0C741.LT1,,Replacement Laptop LCD LED Screen Display
https://www.shengruihk.com/product/kl-0c741-lsv-acer-chromebook-511-c741l-non-touch-11-6-hd-30pins-lcd-led-screen/,KL.0C741.LSV Acer Chromebook 511 C741L Non-Touch 11.6″ HD 30pins LCD LED Screen,,KL.0C741.LSV,,Replacement Laptop LCD LED Screen Display
https://www.shengruihk.com/product/5d11b39776-14-0-fhd-b140hak03-2-n140hcn-ea1-for-lenovo-chromebook-14-14e-2nd-gen-touch/,5D11B39776 14.0″ FHD B140HAK03.2 N140HCN-EA1 for Lenovo Chromebook 14 14e 2nd Gen (Touch),,,Lenovo Chromebook 14 14e 2nd Gen (Touch),Replacement Laptop LCD LED Screen Display
https://www.shengruihk.com/product/new-b156hak02-1-15-6-fhd-lcd-touch-screen-slim-edp-40pin-narrow-no-brackets-ips-glossy/,New B156HAK02.1 15.6″ FHD LCD Touch Screen Slim eDP 40pin Narrow No Brackets IPS Glossy,,,General Screen,Replacement Laptop LCD LED Screen Display
https://www.shengruihk.com/product/c8tck-0c8tck-dell-oem-latitude-14-3410-14-0-fhd-matte-laptop-replacement-lcd-screen/,C8TCK 0C8TCK Dell OEM Latitude 14 3410 14.0″ FHD Matte Laptop Replacement LCD Screen,,,Dell OEM Latitude 14 3410,Replacement Laptop LCD LED Screen Display
https://www.shengruihk.com/product/5d11a22515-lcd-touch-screen-13-3-1920x1200-narrow-r133nw4k-r0-for-lenovo-thinkpad-l13-gen-3/,5D11A22515 LCD Touch Screen 13.3″ 1920×1200 Narrow R133NW4K R0 for Lenovo ThinkPad L13 Gen 3,,,Lenovo ThinkPad L13 Gen 3,Replacement Laptop LCD LED Screen Display
https://www.shengruihk.com/product/5d10z77954-lenovo-chromebook-100e-2nd-gen-mtk-2-82q3-11-6-hd-lcd-screen-replacement-display/,5D10Z77954 Lenovo Chromebook 100E 2ND GEN MTK 2 82Q3 11.6″ HD LCD Screen Replacement Display,,,Lenovo Chromebook 100E 2ND GEN MTK 2 82Q3,Replacement Laptop LCD LED Screen Display
https://www.shengruihk.com/product/c8tck-0c8tck-dell-oem-latitude-5400-7400-laptop-lcd-screen-14-0-fhd-matte-b140hak03-1/,X934552-019 28.2 inch LCD Touch Screen LTM282RL01 4K 4096×2160 SAMSUNG Touch Glass Screen Display,,,,Replacement Laptop LCD LED Screen Display
https://www.shengruihk.com/product/x3kg3-dell-chromebook-latitude-14-3400-edp-14-fhd-lcd-widescreen-matte-screen-panel/,X3KG3 Dell Chromebook/Latitude 14 3400 EDP 14″ FHD LCD Widescreen Matte Screen Panel,,,Dell Chromebook/Latitude 14 3400,Replacement Laptop LCD LED Screen Display
https://www.shengruihk.com/product/l46551-001-hp-chromebook-14a-g5-display-panel-14-0-hd-replacement-screen-display/,L46551-001 HP Chromebook 14A G5 Display Panel 14.0″ HD Replacement Screen Display,,,HP Chromebook 14A G5,Replacement Laptop LCD LED Screen Display
https://www.shengruihk.com/product/ytxjk-nt133whm-n61-for-dell-latitude-5300-7300-13-3-hd-lcd-screen-widescreen-matte-panel/,YTXJK NT133WHM-N61 for Dell Latitude 5300/7300 13.3″ HD LCD Screen Widescreen Matte Panel,,,Dell Latitude 5300/7300,Replacement Laptop LCD LED Screen Display
https://www.shengruihk.com/product/asus-chromebook-cx3401-cx3401f-flip-14-0-19201200-complete-lcd-touch-screen-assembly/,Asus Chromebook CX3401 CX3401F Flip 14.0″ 1920*1200 Complete LCD Touch Screen Assembly,,,Asus Chromebook CX3401 CX3401F Flip,Replacement Laptop LCD LED Screen Display
https://www.shengruihk.com/product/b133zat02-0-google-pixelbook-go-13-3-fhd-lcd-touch-screen-chromebook-replacement-panel/,B133ZAT02.0 B133HAT03.0 Google Pixelbook Go 13.3″ FHD LCD Touch Screen Chromebook Replacement Panel,,B133ZAT02.0,,Replacement Laptop LCD LED Screen Display
https://www.shengruihk.com/product/n85242-001-sps-lcd-panel-11-6-hd-ag-uwva-ntsc-top-for-hp-fortis-11-g10-chromebook/,N85242-001 SPS-LCD Panel 11.6 HD AG UWVA NTSC TOP for HP Fortis 11 G10 Chromebook,,,HP Fortis 11 G10 Chromebook,Replacement Laptop LCD LED Screen Display
https://www.shengruihk.com/product/new-acer-aspire-a515-44-a515-46-lcd-screen-display-panel-15-6-fhd-lm156lfcl13/,New Acer Aspire A515-44 A515-46 LCD Screen Display Panel 15.6″ FHD LM156LFCL13,,LM156LFCL13,,Replacement Laptop LCD LED Screen Display
https://www.shengruihk.com/product/00hxck-dell-latitude-7420-14-19201080-fhd-replacement-lcd-screen/,00HXCK Dell Latitude 7420 14” 1920*1080 FHD Replacement LCD Screen,,,Dell Latitude 7420,Replacement Laptop LCD LED Screen Display
https://www.shengruihk.com/product/ytxjk-dell-latitude-5320-13-3-inch-hd-matte-lcd-screen-panel/,YTXJK Dell Latitude 5320 13.3″ Inch HD Matte LCD Screen Panel,,,Dell Latitude 5320,Replacement Laptop LCD LED Screen Display
https://www.shengruihk.com/product/783089-001-hp-chromebook-11-g3-11-6-hd-1366x768-matte-lcd-screen-display/,783089-001 HP Chromebook 11 G3 11.6″ HD 1366X768 Matte LCD Screen Display,,,HP Chromebook 11 G3,Replacement Laptop LCD LED Screen Display
https://www.shengruihk.com/product/5d11b81961-5d11b81964-lenovo-ideapad-3-cb-14igl05-n140bga-ea4-14-1366768-matte-30pin-lcd-screen/,5D11B81961 5D11B81964 Lenovo Ideapad 3 CB-14IGL05 N140BGA-EA4 14″ 1366*768 Matte 30pin LCD Screen,,5D11B81961 5D11B81964 18010-14003300,,Replacement Laptop LCD LED Screen Display
https://www.shengruihk.com/product/01ag979-23-8-original-monitor-in-cell-touch-lm238wf5-ssap-all-in-one-display-for-lenovo-ideacentre-aio-730s-24/,01AG979 23.8” Original Monitor In-cell Touch LM238WF5-SSAP All in one Display For Lenovo Ideacentre AIO 730S-24,,01AG979,,Replacement Laptop LCD LED Screen Display
https://www.shengruihk.com/product/kl-11605-065-lcd-touch-display-b116xak01-0-for-acer-chromebook-511-c734t/,KL.11605.065 LCD Touch Display B116XAK01.0 for Acer Chromebook 511 C734T,,KL.11605.065,,Replacement Laptop LCD LED Screen Display
https://www.shengruihk.com/product/kl-0c871-sv1-lcd-screen-12-0-hd-non-touch-for-acer-chromebook-c871/,KL.0C871.SV1 LCD Screen 12.0″ HD Non-touch for Acer Chromebook C871,,KL.0C871.SV1,,Replacement Laptop LCD LED Screen Display
https://www.shengruihk.com/product/l92337-001-hp-chromebook-x360-11mk-g3-ee-lcd-touchscreen-digitizer-assembly-with-bezel/,L92337-001 HP Chromebook X360 11MK G3 EE LCD Touchscreen Digitizer Assembly With Bezel,,L92337-001,,Replacement Laptop LCD LED Screen Display
https://www.shengruihk.com/product/6m-azcn7-001-acer-chromebook-11-311-r722t-k95l-lcd-touch-screen-w-bezel-11-6-hd-40-pin-assembly-w-frame-board-g-sensor/,6M.AZCN7.001 Acer Chromebook 11 311 R722T-K95L LCD Touch Screen w/ Bezel 11.6″ HD 40 Pin Assembly W/Frame Board G-sensor,,6M.AZCN7.001,,Replacement Laptop LCD LED Screen Display
https://www.shengruihk.com/product/6m-kean7-002-6m-kedn7-001-acer-chromebook-r756tn-touch-lcd-b116xan06-1-lcd-screen-w-frame-board-g-sensor/,6M.KEAN7.002  6M.KEDN7.001 Acer Chromebook R756TN (TOUCH) LCD B116XAN06.1 LCD Screen w/Frame Board G-sensor,,6M.KEAN7.002 6M.KEDN7.001,,Replacement Laptop LCD LED Screen Display
https://www.shengruihk.com/product/lenovo-thinkpad-x13-gen-2-l13-gen-3-lcd-touch-screen-13-3-1920x1200-40-pin-r133nw4k-r0-5d11a22515-5d11a22516-5d11e22832/,Lenovo ThinkPad X13 Gen 2/L13 Gen 3 Lcd Touch Screen 13.3″ 1920×1200 40 Pin R133NW4K R0 5D11A22515 5D11A22516 5D11E22832,,,Lenovo ThinkPad X13 Gen 2/L13 Gen 3,Replacement Laptop LCD LED Screen Display
https://www.shengruihk.com/product/xf0n6-pv3ng-5wfvd-dell-latitude-5401-5400-replacement-14-hd-n140bge-e54-lcd-screen-panel/,XF0N6 PV3NG 5WFVD Dell Latitude 5401 5400 Replacement 14” HD N140BGE-E54 LCD Screen Panel,,,Dell Latitude 5401 5400,Replacement Laptop LCD LED Screen Display
https://www.shengruihk.com/product/9x60c-laptop-replacement-led-lcd-screen-14-0-fhd-matte-panel-for-dell-latitude-3420/,9X60C Laptop Replacement LED LCD Screen 14.0″ FHD Matte Panel for Dell Latitude 3420,,,Dell Latitude 3420,Replacement Laptop LCD LED Screen Display
https://www.shengruihk.com/product/6m-a8zn7-003-acer-chromebook-spin-r753t-11-6-hd-lcd-touch-screen-assembly-40-pins-connector-with-plastic-bezel/,6M.A8ZN7.003 Acer Chromebook Spin R753T 11.6“ HD LCD Touch Screen Assembly 40 Pins Connector with Plastic Bezel,,6M.A8ZN7.003,,Replacement Laptop LCD LED Screen Display
https://www.shengruihk.com/product/5d10u89043-lenovo-chromebook-300e-81h0-no-touch-w-frameglass-assembly/,5D10U89043 Lenovo Chromebook 300E 81H0 No-Touch w/Frame&Glass Assembly,,5D10U89043,,Replacement Laptop LCD LED Screen Display
https://www.shengruihk.com/product/90jtv-dell-latitude-3340-13-3-hd-matte-lcd-touchscreen-panel-replacement-n133bge-e3/,1R4F6 01R4F6 11.6″ LCD Screen Matte NT116WHM-N21 General Panel Display for Dell Chromebook,,,"Dell Chromebook 11, 11 (3120), 11 (3180), 11 (5190), 3100, 3110. -Inspiron 11 (3162), 11 (3164), 11 (3180) -Latitude 3180, 3190, 3120, 3140",Replacement Laptop LCD LED Screen Display
https://www.shengruihk.com/product/asus-chromebook-15-c523na-replacement-lcd-screen-15-6-hd-nt156whm-n45-display/,Asus Chromebook 15 C523NA Replacement LCD Screen 15.6″ HD NT156WHM-N45 Display,,,Asus Chromebook 15 C523NA,Replacement Laptop LCD LED Screen Display
https://www.shengruihk.com/product/kl-0c851-tsv-kl-0c871-tsv-12-1366912-hd-touch-lcd-matte-40pins-no-brackets-b120xak01-0-for-acer-c871/,KL.0C851.TSV KL.0C871.TSV 12″ 1366*912 HD Touch LCD Matte 40Pins No Brackets B120XAK01.0 for Acer C871,,KL.0C851.TSV KL.0C871.TSV,,Replacement Laptop LCD LED Screen Display
https://www.shengruihk.com/product/kl-0c734-tsv-acer-chromebook-511-c734t-lcd-screen-11-6-hd-touch-laptop-display/,KL.0C734.TSV Acer Chromebook 511 C734T LCD Screen 11.6″ HD Touch B116XAK01.0 Laptop Display,,KL.0C734.TSV,,Replacement Laptop LCD LED Screen Display
https://www.shengruihk.com/product/kl-0c734-1sv-acer-chromebook-511-c734-lcd-display-11-6-hd-1366x768-30-pins-replacement-panel/,KL.0C734.1SV Acer Chromebook 511 C734 LCD Display 11.6″ HD 1366×768 30 Pins Replacement Panel,,KL.0C734.1SV,,Replacement Laptop LCD LED Screen Display
https://www.shengruihk.com/product/kl-0c733-tsv-acer-chromebook-11-311-c733t-lcd-screen-replacement-display/,KL.0C733.TSV Acer Chromebook 11 311 C733T LCD Screen Replacement Display,,KL.0C733.TSV,,Replacement Laptop LCD LED Screen Display
https://www.shengruihk.com/product/kl-0c736-tsv-lcd-screen-for-acer-chromebook-11-c736t-replacement-panel-display/,KL.0C736.TSV LCD Screen For Acer Chromebook 11 C736T Replacement Panel Display,,KL.0C736.TSV,,Replacement Laptop LCD LED Screen Display
https://www.shengruihk.com/product/kl-0c733-cv1-acer-chromebook-11-311-c733-laptop-replacement-11-6-1366768-lcd-led-screen-display/,KL.0C733.CV1 Acer Chromebook 11 311 C733 Laptop Replacement 11.6″ 1366*768 LCD LED Screen Display,,KL.0C733.CV1,,Replacement Laptop LCD LED Screen Display
https://www.shengruihk.com/product/kl-0c721-sv1-acer-chromebook-311-c721-11-6-hd-1366768-lcd-screen-display-nt116whm-n21/,KL.0C721.SV1 Acer Chromebook 311 C721 11.6“ HD 1366*768 LCD Screen Display NT116WHM-N21,,KL.0C721.SV1,,Replacement Laptop LCD LED Screen Display
https://www.shengruihk.com/product/27hp5-dell-latitude-3330-non-touch-lcd-screen-13-3-fhd-19201080-30-pin-display/,27HP5 Dell latitude 3330 Non-Touch LCD Screen 13.3″ FHD 1920*1080 30 PIN Display,,27HP5,,Replacement Laptop LCD LED Screen Display
https://www.shengruihk.com/product/0hxck-dell-latitude-5420-5410-lcd-screen-14-0-19201080-matte-30pins-slim-display/,0HXCK Dell Latitude 5420 5410 LCD Screen 14.0″ 1920*1080 Matte 30pins Slim Display,,0HXCK,,Replacement Laptop LCD LED Screen Display
https://www.shengruihk.com/product/acer-chromebook-11-c736t-11-6-hd-ips-lcd-led-touch-screen-panel-kl-11605-067-b116xak01-0-b116xak01-2/,Acer Chromebook 11 C736T 11.6″ HD IPS LCD LED Touch Screen Panel KL.11605.067 B116XAK01.0 B116XAK01.2,,KL.11605.067,,Replacement Laptop LCD LED Screen Display
https://www.shengruihk.com/product/00hm194-00hm195-00ht593-00ht600-lcd-screen-for-lenovo-thinkpad-yoga-11e-nt116whm-n21-b116xtn02-3/,00HM194 00HM195 00HT593 00HT600 LCD Screen for Lenovo Thinkpad Yoga 11E NT116WHM-N21/B116XTN02.3,,00HM194 00HM195 00HT593 00HT600,,Replacement Laptop LCD LED Screen Display
https://www.shengruihk.com/product/k1mp9-lcd-screen-for-dell-inspiron-15-7580-7570-vostro-15-7590-nv156fhm-n48-v8-2-n156hca-en1-rev-c1/,K1MP9 LCD screen for Dell Inspiron 15 (7580/7570) / Vostro 15 (7590) NV156FHM-N48 V8.2/N156HCA-EN1-REV.C1,,K1MP9,,Replacement Laptop LCD LED Screen Display
https://www.shengruihk.com/product/kl-11605-056-acer-c741lt-11-6-hd-1366768-glossy-b116xak01-0-lcd-led-touch-screen/,KL.11605.056 ACER C741LT 11.6″ HD 1366*768 Glossy B116XAK01.0 LCD LED Touch Screen,,KL.11605.056,,Replacement Laptop LCD LED Screen Display
https://www.shengruihk.com/product/atna60yv05-16-0-3840x2400-4k-uhd-oled-screen-non-touch-panel-display/,ATNA60YV05 16.0″ 3840×2400 4K UHD OLED Screen Non-touch Panel Display,$135.00,,,Replacement Laptop LCD LED Screen Display
https://www.shengruihk.com/product/atna56wr06-0-15-6-4k-38402160-laptop-oled-screen-display-for-aero-15s-oled-xa/,ATNA56WR06-0 15.6” 4K 3840*2160 Laptop OLED Screen Display for AERO 15S OLED XA,$160.00,,AERO 15S OLED XA,Replacement Laptop LCD LED Screen Display
https://www.shengruihk.com/product/atna56wr05-15-6-4k-38402160-laptop-oled-screen-display-for-lenovo-thinkpad-p53/,ATNA56WR05 15.6” 4K 3840*2160 Laptop OLED Screen Display for Lenovo ThinkPad P53,$160.00,,Lenovo ThinkPad P53,Replacement Laptop LCD LED Screen Display
https://www.shengruihk.com/product/atna56c01-15-6-28801620-40pins-oled-lcd-screen-display-for-asus-k3502z-k6500z-m1503q/,ATNA56C01 15.6″ 2880*1620 40Pins OLED LCD Screen Display for ASUS K3502Z K6500Z M1503Q,$160.00,,ASUS K3502Z K6500Z M1503Q,Replacement Laptop LCD LED Screen Display
https://www.shengruihk.com/product/atna40yk01-1-14-0-28801800-90hz-laptop-olcd-screen-panel-matrix/,ATNA40YK01-1 14.0″ 2880*1800 90HZ Laptop OLCD Screen Panel Matrix,,,,Replacement Laptop LCD LED Screen Display
https://www.shengruihk.com/product/samsung-kd116n05-30nv-g007-11-6-30pins-1366768-hd-display-lcd-led-replacement-screen-non-touch-screen/,Samsung KD116N05-30NV-G007 11.6″ 30pins 1366*768 HD Display LCD LED Replacement Screen/Non Touch Screen,,KD116N05-30NV-G007,,Replacement Laptop LCD LED Screen Display
https://www.shengruihk.com/product/j0n5t-mwdnf-1r4f6-pynxy-nt116whm-n21-n116bge-ea2-lcd-screen-for-dell-chromebook-11-3120-3180-5190-3100-3110/,J0N5T MWDNF 1R4F6 PYNXY NT116WHM-N21/N116BGE-EA2 LCD Screen For Dell Chromebook 11 3120/3180/5190/3100/3110,,J0N5T MWDNF 1R4F6 PYNXY/0J0N5T 0MWDNF 01R4F6 0PYNXY,,Replacement Laptop LCD LED Screen Display
https://www.shengruihk.com/product/18010-17350200-asus-cxb170cka-212-bcln6-17-3-fhd-19201080-30pin-no-brackets-led-screen-display-nv173fhm-n49/,18010-17350200 Asus CXB170CKA-212.BCLN6 17.3″ FHD 1920*1080 30pin No Brackets LED Screen Display NV173FHM-N49,,18010-17350200,,Replacement Laptop LCD LED Screen Display
https://www.shengruihk.com/product/m50440-001-hp-17-cn1075nr-17-cn0030nr-17-3-1600900-30pin-60hz-led-display-screen/,M50440-001 Hp 17-CN1075NR 17-cn0030nr 17.3″ 1600*900 30PIN 60Hz LED Display Screen,,M50440-001,,Replacement Laptop LCD LED Screen Display
https://www.shengruihk.com/product/b173han03-2-17-3-fhd-19201080-edp-40-pins-120hz-lcd-screen-for-gaming-lcd-display/,B173HAN03.2 17.3 FHD 1920*1080 EDP 40 Pins 120Hz LCD Screen For Gaming LCD Display,,,Gaming Laptop,Replacement Laptop LCD LED Screen Display
https://www.shengruihk.com/product/asus-tuf-gaming-f17-fx706he-211-tm17-17-3-fhd-40pin-144hz-b173han04-9-lcd-led-display-screen/,ASUS TUF Gaming F17 FX706HE-211.TM17 17.3″ FHD 40PIN 144HZ B173HAN04.9 LCD LED Display Screen,,,ASUS TUF Gaming F17 FX706HE-211.TM17,Replacement Laptop LCD LED Screen Display
https://www.shengruihk.com/product/jywwf-b173qtn01-4-17-3-25601440-qhd-40-pin-led-screen-display-matte-for-dell-alienware-17-r4-r5/,JYWWF B173QTN01.4 17.3″ 2560*1440 QHD 40 Pin Led Screen Display Matte for Dell Alienware 17 R4/R5,,,,Replacement Laptop LCD LED Screen Display
https://www.shengruihk.com/product/kl-cb317-1ht-17-3-fhd-19201080-touch-screen-edp-30pins-led-lcd-display-screen-for-acer-cb317-1ht-p5pf/,KL.CB317.1HT 17.3″ FHD 1920*1080 Touch Screen Edp 30pins LED LCD Display Screen for Acer CB317-1HT-P5PF,,,,Replacement Laptop LCD LED Screen Display
https://www.shengruihk.com/product/ltn170wp-l02-samsung-17-0-ccfl-lcd-screen-16801050-lvds-30-pins-new-original-grade-a-display/,LTN170WP-L02 Samsung 17.0″ CCFL LCD Screen 1680*1050 LVDS 30 Pins New Original Grade A Display,,,,Replacement Laptop LCD LED Screen Display
https://www.shengruihk.com/product/n13807-001-16-1-fhd-19201080-edp-40pin-144hz-led-display-screen-for-hp-16-n0033dx-16-n0000/,N13807-001 16.1″ FHD 1920*1080 edp 40pin 144HZ LED Display Screen for Hp 16-N0033DX 16-N0000,,N13807-001,,Replacement Laptop LCD LED Screen Display
https://www.shengruihk.com/product/m54732-001-hp-victus-16-d0023dx-16-1-fhd-19201080-nv161fhm-n41-30pin-60hz-led-display-screen/,M54732-001 Hp Victus 16-D0023dx 16.1″ FHD 1920*1080 NV161FHM-N41 30PIN 60Hz LED Display Screen,,M54732-001,,Replacement Laptop LCD LED Screen Display
https://www.shengruihk.com/product/tl160admp03-lcd-16-0-2560x1600-edp-240hz-for-asus-rog-strix-g16-g614jz-hp-victus-16-d/,TL160ADMP03 LCD 16.0″ 2560×1600 EDP 240HZ For Asus ROG Strix G16 G614JZ/HP Victus 16-D,,,Asus ROG Strix G16 G614JZ/HP Victus 16-D,Replacement Laptop LCD LED Screen Display
https://www.shengruihk.com/product/nv160wum-nx1-16-0-1920x1200-edp-144hz-lcd-screen-panel-for-asus-rog-zephyrus-m16-18010-16020300/,NV160WUM-NX1 16.0″ 1920×1200 EDP 144HZ LCD Screen Panel for ASUS ROG Zephyrus M16 18010-16020300,,18010-16011500,,Replacement Laptop LCD LED Screen Display
https://www.shengruihk.com/product/asus-vivobook-16x-m1603qa-r7512-lcd-screen-16-0-1920x1200-edp-for-18010-16011500-b160uan03-3-hw0b/,ASUS Vivobook 16X M1603QA-R7512 LCD Screen 16.0″ 1920×1200 EDP for 18010-16011500 B160UAN03.3-HW0B,,18010-16011500,,Replacement Laptop LCD LED Screen Display
https://www.shengruihk.com/product/18010-16020700-nv160wum-nx3-n160jme-gt1-16-0-19201200-edp-165hz-for-asus-rog-zephyrus-m16/,18010-16020700 NV160WUM-NX3/N160JME-GT1 16.0” 1920*1200 EDP 165HZ for ASUS ROG Zephyrus M16,,18010-16020700,,Replacement Laptop LCD LED Screen Display
https://www.shengruihk.com/product/5d11h29622-16-0-165hz-40pin-matte-ne16qdm-ny1-led-display-screen-for-lenovo-legion-7-16arha7-5-pro-16/,5D11H29622 16.0“ 165Hz 40pin Matte NE16QDM-NY1 LED Display Screen for Lenovo Legion 7 16ARHA7/5 Pro 16,,,Lenovo Legion 7 16ARHA7/Lenovo Legion 5 Pro 16,Replacement Laptop LCD LED Screen Display
https://www.shengruihk.com/product/b116xtn02-3-11-6-hd-1366x768-edp-30-pins-matte-led-lcd-screen-panel/,B116XTN02.3 11.6″ HD 1366×768 eDP 30 pins Matte LED LCD Screen Panel,,,,Replacement Laptop LCD LED Screen Display
https://www.shengruihk.com/product/mc156cs08-1-15-6-19201080-edp-30pins-lcd-screen-replacement-display-for-hp-probook-450-g5-2st09utaba/,MC156CS08-1 15.6″ 1920*1080 Edp 30pins LCD Screen Replacement Display for HP ProBook 450 G5 (2ST09UT#ABA),,,HP ProBook 450 G5 (2ST09UT#ABA),Replacement Laptop LCD LED Screen Display
https://www.shengruihk.com/product/b156han08-0-15-6-19201080-fhd-edp-40pins-144hz-led-display-lcd-screen-for-msi-gs65-stealth-thin-051/,B156HAN08.0 15.6″ 1920*1080 FHD Edp 40pins 144HZ LED Display LCD Screen for MSI GS65 STEALTH THIN-051,,,MSI GS65 STEALTH THIN-051,Replacement Laptop LCD LED Screen Display
https://www.shengruihk.com/product/hdn7n-15-6-fhd-edp-40pins-touch-screen-led-lcd-panel-for-dell-i3511-5829blk-pus/,HDN7N 15.6” FHD Edp 40pins Touch Screen LED LCD Panel for Dell I3511-5829BLK-PUS,,,Dell I3511-5829BLK-PUS,Replacement Laptop LCD LED Screen Display
https://www.shengruihk.com/product/lq156m1jw02-15-6-fhd-19201080-300cd-ips-15001-edp-30pins-matte-lcd-screen-display/,LQ156M1JW02 15.6″ FHD 1920*1080 300cd IPS 1500:1 EDP 30pins Matte LCD Screen Display,,,,Replacement Laptop LCD LED Screen Display
https://www.shengruihk.com/product/ne156fhm-nx1-15-6-fhd-19201080-144hz-led-lcd-screen-panel-for-asus-gu502lu-bi7n4-new/,NE156FHM-NX1 15.6″ FHD 1920*1080 144HZ LED LCD Screen Panel for Asus GU502LU-BI7N4 New,,,,Replacement Laptop LCD LED Screen Display
https://www.shengruihk.com/product/nt156whm-n10-15-6-hd-1366x768-edp-30pins-lcd-led-display-panel/,NT156WHM-N10 15.6″ HD 1366×768 Edp 30pins LCD LED Display Panel,,,,Replacement Laptop LCD LED Screen Display
https://www.shengruihk.com/product/nt156whm-n42-15-6-1366768-matte-edp-30pins-led-lcd-screen-laptop-replacement-panel-display/,NT156WHM-N42 15.6″ 1366*768 Matte Edp 30pins LED LCD Screen Laptop Replacement Panel Display,,,,Replacement Laptop LCD LED Screen Display
https://www.shengruihk.com/product/ne156qhm-ny4-15-6-2k-qhd-2560rgb1440-165hz-edp-40pins-ips-lcd-display-led-screen/,NE156QHM-NY4 15.6″ 2K QHD 2560(RGB)*1440 165HZ eDP 40Pins IPS LCD display LED Screen,,,,Replacement Laptop LCD LED Screen Display
https://www.shengruihk.com/product/00ny443-b156han06-1-15-6-1920x1080-fhd-matte-lenovo-lcd-screen-led-display/,00NY443 B156HAN06.1 15.6″ 1920X1080 FHD Matte Lenovo LCD Screen LED Display,,,,Replacement Laptop LCD LED Screen Display
https://www.shengruihk.com/product/8s5d10k81087-nt156whm-n32-15-6-1366768-glossy-edp-30pins-laptop-lcd-screen-replacement/,8S5D10K81087 NT156WHM-N32 15.6″ 1366*768 Glossy EDP 30Pins Laptop LCD Screen Replacement,,,,Replacement Laptop LCD LED Screen Display
https://www.shengruihk.com/product/lp156wfh-spd3-15-6-fhd-ips-edp-30pins-pbca-length-265mm-lcd-screen-for-laptop-replacement/,LP156WFH-SPD3 15.6″ FHD IPS eDP 30pins (PBCA length 265mm) LCD Screen for Laptop Replacement,,,,Replacement Laptop LCD LED Screen Display
https://www.shengruihk.com/product/b156han02-1-15-6-slim-fhd-edp-30pins-lcd-screen-display-for-replacement/,B156HAN02.1 15.6“ Slim FHD Edp 30pins LCD Screen Display for Replacement,,,,Replacement Laptop LCD LED Screen Display
https://www.shengruihk.com/product/asus-rog-gu501gm-bi7n8-15-6-fhd-30-pin-120hz-led-display-screen-b156han04-5/,Asus ROG GU501GM-BI7N8 15.6″ FHD 30 Pin 120Hz LED Display Screen B156HAN04.5,,,Asus ROG GU501GM-BI7N8,Replacement Laptop LCD LED Screen Display
https://www.shengruihk.com/product/lenovo-81y6000fus-legion-5-15imh05h-15-6-fhd-40pins-144hz-led-screen-nv156fhm-ny4-5d10x01147/,Lenovo 81Y6000FUS Legion 5-15IMH05H 15.6″ FHD 40pins 144Hz LED Screen NV156FHM-NY4 5D10X01147,,,Lenovo 81Y6000FUS Legion 5-15IMH05H,Replacement Laptop LCD LED Screen Display
https://www.shengruihk.com/product/hp-15-dy1023dx-15-dy1010nr-15-6-hd-40pin-touch-screen-led-display-n156bgn-e43-nt156whm-t03-t02-b156xtk02-0-l63569-001/,HP 15-DY1023DX 15-DY1010NR 15.6″ HD 40pin Touch Screen LED Display N156BGN-E43 NT156WHM-T03/T02 B156XTK02.0 L63569-001,,,HP 15-DY1023DX 15-DY1010NR,Replacement Laptop LCD LED Screen Display
https://www.shengruihk.com/product/ndgd4-dell-i3511-5174blk-pus-15-6-b156hak02-3-19201080-fhd-edp-40-pin-lcd-touch-led-display-screen/,NDGD4 Dell I3511-5174BLK-PUS 15.6″ B156HAK02.3 1920*1080 FHD EDP 40 PIN LCD Touch LED Display Screen,,,Dell I3511-5174BLK-PUS,Replacement Laptop LCD LED Screen Display
https://www.shengruihk.com/product/fndc6-dell-inspiron-15-5570-5575-15-6-fhd-40pin-touch-screen-t-d-bracket-led-display-b156htk01-0/,FNDC6 Dell Inspiron 15 5570/5575 15.6″ FHD 40pin Touch Screen T/D Bracket LED Display B156HTK01.0,,,Asus G513QY-212.SG15,Replacement Laptop LCD LED Screen Display
https://www.shengruihk.com/product/18010-15680500-asus-g513qy-212-sg15-15-6-fhd-edp-40pins-300hz-q156m1jw25-led-display-screen/,18010-15680500 Asus G513QY-212.SG15 15.6″ FHD Edp 40PINS 300HZ Q156M1JW25 LED Display Screen,,,Asus G513QY-212.SG15,Replacement Laptop LCD LED Screen Display
https://www.shengruihk.com/product/5d10t05360-lenovo-lcd-touch-screen-led-nt156whm-t02-v8-15-6-hd-40-pin-narrow-no-brackets/,5D10T05360 Lenovo LCD Touch Screen LED NT156WHM-T02 V8 15.6″ HD 40 pin Narrow No Brackets,,,Lenovo,Replacement Laptop LCD LED Screen Display
https://www.shengruihk.com/product/5d11d08013-lenovo-legion-5-15-series-15-6-fhd-40pin-matte-165hz-led-screen-b156han12-h-lcd-panel/,5D11D08013 Lenovo Legion 5-15 Series 15.6″ FHD 40pin Matte 165Hz LED Screen B156HAN12.H LCD Panel,,,Lenovo Legion 5-15 Series,Replacement Laptop LCD LED Screen Display
https://www.shengruihk.com/product/18010-15656300-asus-ga503rm-g15-r93060-15-6-qhd-25601440-165hz-led-lcd-screen-ne156qhm-ny1/,18010-15656300 Asus GA503RM-G15.R93060 15.6″ QHD 2560*1440 165Hz LED LCD Screen NE156QHM-NY1,,,Asus GA503RM-G15.R93060,Replacement Laptop LCD LED Screen Display
https://www.shengruihk.com/product/cgdy2-dell-alienware-m15-r5-r6-awx15r1-7958wht-pus-replacement-panel-b156han12-5-15-6-fhd-360hz-40-pin-led-screen/,CGDY2 Dell Alienware m15 R5/R6 AWX15R1-7958WHT-PUS Replacement Panel B156HAN12.5 15.6″ FHD 360HZ 40 Pin LED Screen,,,Dell Alienware m15 R5/R6 AWX15R1-7958WHT-PUS,Replacement Laptop LCD LED Screen Display
https://www.shengruihk.com/product/s1j-6e0a062-s44-msi-gs66005-lcd-led-screen-replacement-panel-15-6-fhd-40-pin-240hz-matte-lq156m1jw03/,S1J-6E0A062-S44 MSI GS66005 LCD LED Screen Replacement Panel 15.6″ FHD 40 pin 240Hz Matte LQ156M1JW03,,,,Replacement Laptop LCD LED Screen Display
https://www.shengruihk.com/product/18010-14004100-asus-c425ta-m364-lcd-screen-panel-14-0-fhd-19201080-n140hce-en2-replacement-display/,KL.15608.043 Acer AN515-54-599 15.6″ FHD 30 Pins No Brackets LED LCD Screen LP156WFC-SPD5,,,,Replacement Laptop LCD LED Screen Display
https://www.shengruihk.com/product/5d10v07725-lenovo-81v3-chromebook-s340-14-lcd-touch-screen-14-0-fhd-40pin-assembly-b140hak03-4/,5D10V07725 Lenovo 81V3 Chromebook S340-14 LCD Touch Screen 14.0″ FHD 40pin Assembly B140HAK03.4,,,,Replacement Laptop LCD LED Screen Display
https://www.shengruihk.com/product/18010-14054400-asus-ga401qh-211-zg14bl-14-fhd-lcd-panel-n140hce-en2-for-screen-replacement/,18010-14054400 Asus GA401QH-211.ZG14BL 14″ FHD LCD Panel N140HCE-EN2 for Screen Replacement,,,,Replacement Laptop LCD LED Screen Display
https://www.shengruihk.com/product/18010-14090000-asus-tl140bdxp01-00-ga401qm-211-zg14b-14-0-qhd-2560x1440-120hz-30pin-led-screen-panel/,18010-14090000 Asus TL140BDXP01-00 GA401QM-211.ZG14B 14.0” QHD 2560×1440 120Hz 30pin LED Screen Panel,,,,Replacement Laptop LCD LED Screen Display
https://www.shengruihk.com/product/for-lenovo-universal-panel-n140hce-et2-rev-c3-innolux-14-0-fhd-30pin-led-display-screen/,For Lenovo Universal Panel N140HCE-ET2-REV.C3 Innolux 14.0 FHD 30PIN LED Display Screen,,,,Replacement Laptop LCD LED Screen Display
https://www.shengruihk.com/product/asus-ga401iv-br9n6-lcd-screen-14-0-fhd-40pins-144hz-led-display-screen-no-brackets-lm140lf1f01/,Asus GA401IV-BR9N6 LCD Screen 14.0″ FHD 40pins 144hz LED Display Screen No Brackets LM140LF1F01,,,,Replacement Laptop LCD LED Screen Display
https://www.shengruihk.com/product/5d10m42871-lenovo-81jw0001us-chromebook-s330-nt140whm-n44-14-0-hd-30-pin-led-screen-panel/,5D10M42871 Lenovo 81JW0001US CHROMEBOOK S330 NT140WHM-N44 14.0 HD 30 Pin LED Screen Panel,,,,Replacement Laptop LCD LED Screen Display
https://www.shengruihk.com/product/m49655-001-hp-chromebook-14a-nd-series-led-display-screen-replacement-14-0-1366768-hd-30pins/,M49655-001 HP Chromebook 14A-ND Series LED Display Screen Replacement 14.0″ 1366*768 HD 30Pins,,,,Replacement Laptop LCD LED Screen Display
https://www.shengruihk.com/product/lp140wff-spc1-14-0-fhd-300cd-m-edp-30pins-matte-lcd-screen-slim-for-dell-06t3j6/,LP140WFF-SPC1 14.0″ FHD 300cd/m EDP 30pins Matte LCD Screen Slim for Dell 06T3J6,,,,Replacement Laptop LCD LED Screen Display
https://www.shengruihk.com/product/m21389-001-nv140fhm-n4t-hp-probook-440-g8-640-g8-14-fhd-30-pin-lcd-display-panel/,M21389-001 NV140FHM-N4T HP ProBook 440 G8/640 G8 14″ FHD 30 Pin LCD Display Panel,,,,Replacement Laptop LCD LED Screen Display
https://www.shengruihk.com/product/m36316-001-n140nvfc-r0-14-fhd-lcd-panel-for-hp-elitebook-840-g8-replacement-screen/,M36316-001 N140NVFC R0 14″ FHD LCD Panel for HP Elitebook 840 G8 Replacement Screen,,,,Replacement Laptop LCD LED Screen Display
https://www.shengruihk.com/product/522v0-dell-latitude-7480-7490-lcd-screen-14-1920x1080-matte-edp-30pins-slim-n140hce-g52-panel/,522V0 Dell Latitude 7480 7490 LCD Screen 14″ 1920X1080 Matte EDP 30Pins Slim N140HCE-G52 Panel,,,,Replacement Laptop LCD LED Screen Display
https://www.shengruihk.com/product/n140hca-eac-14-0-slim-fhd-pbca-bent-30pins-universal-screen-for-lenovo-ideapad-hp-elitebook/,N140HCA-EAC 14.0” Slim FHD PBCA bent 30pins Universal Screen for Lenovo IdeaPad/HP EliteBook,,,,Replacement Laptop LCD LED Screen Display
https://www.shengruihk.com/product/r140nwf5-ra-lenovo-thinkpad-t490-t495-t495s-p43s-t14s-replacement-panel-14-0-fhd-narrow-300cm-d-ips-edp-40pins-matte-touch-screen/,R140NWF5 RA Lenovo Thinkpad T490 T495 T495S P43S T14S Replacement Panel 14.0″ FHD Narrow 300cm/d IPS eDP 40pins Matte Touch Screen,,,,Replacement Laptop LCD LED Screen Display
https://www.shengruihk.com/product/yt9g7-dell-latitude-5300-lcd-screen-panel-for-replacement-13-3-fhd-lp133wf7-spf1-glossy/,YT9G7 Dell Latitude 5300 LCD Screen Panel for Replacement 13.3″ FHD LP133WF7-SPF1 Glossy,,,,Replacement Laptop LCD LED Screen Display
https://www.shengruihk.com/product/lp133wf7-sph2-lp133wf7-spf2-dell-latitude-5320-13-3-fhd-400cd-m-edp-30pins-matte-replacement-lcd-screen/,LP133WF7-SPH2 LP133WF7-SPF2 Dell Latitude 5320 13.3″ FHD 400cd/m eDP 30Pins Matte Replacement LCD Screen,,,,Replacement Laptop LCD LED Screen Display
https://www.shengruihk.com/product/nv133wum-t02-v3-0-13-3-1920x1200-lcd-touchscreen-ips-matte-60hz-edp-40pins-replacement-panel/,NV133WUM-T02 V3.0 13.3″ 1920×1200 LCD Touchscreen IPS matte 60HZ eDP 40pins Replacement Panel,,,,Replacement Laptop LCD LED Screen Display
https://www.shengruihk.com/product/n22327-001-14-inch-1920x1200-ips-for-hp-elitebook-840-g9-840-g10-laptop-lcd-screen-replacement-display/,N22327-001 14 inch 1920×1200 IPS for HP Elitebook 840 G9 840 G10 Laptop LCD screen Replacement Display,,,HP Elitebook 840 G9 840 G10,Replacement Laptop LCD LED Screen Display
https://www.shengruihk.com/product/5d10w46421-lenovo-thinkbook-15-g2-itlare-15-6-fhd-r156nwf7-r2-40pin-touch-lcd-screen/,5D10W46421 Lenovo ThinkBook 15 G2 (ITL)(ARE) 15.6″ FHD R156NWF7-R2 40PIN Touch LCD Screen,,,Lenovo ThinkBook 15 G2 (ITL)(ARE),Replacement Laptop LCD LED Screen Display
https://www.shengruihk.com/product/lm315wr1-ssc1-31-5-4k-38402160-40pin-ips-matte-13001-aio-panel-display/,LM315WR1-SSC1 31.5″ 4K 3840*2160 40Pin IPS Matte 1300:1 AIO Panel Display,,LM315WR1-SSC1,,Replacement Laptop LCD LED Screen Display
https://www.shengruihk.com/product/lm300wq6-slc1-30-inch-2560x1600-lvds-92pins-350-cd-m%c2%b2-all-in-one-lg-display-for-dell-ultrasharp-u3014/,LM300WQ6-SLC1 30 Inch 2560×1600 LVDS 92Pins 350 cd/m² All in One LG Display For Dell UltraSharp U3014,,LM300WQ6-SLC1,,Replacement Laptop LCD LED Screen Display
https://www.shengruihk.com/product/lm270wq8-ssa1-27-0-qhd-25601440-350cd-m%c2%b2-edp-30pins-ips-matte-display/,LM270WQ8-SSA1 27.0″ QHD 2560*1440 350cd/m² eDP 30Pins IPS Matte Display,,LM270WQ8-SSA1,,Replacement Laptop LCD LED Screen Display
https://www.shengruihk.com/product/lm270wqa-ssc2-a1-27-0-25601440-qhd-400-cd-m%c2%b2-60pins-ips-matte-display-all-in-one-screen/,LM270WQA-SSC2 A1 27.0″ 2560*1440 QHD 400 cd/m² 60Pins IPS Matte Display All in One Screen,,LM270WQA-SSC2,,Replacement Laptop LCD LED Screen Display
https://www.shengruihk.com/product/j2ct2-lm270wf7-ssd1-ssd3-ssb1-27-0-1920x1080-fhd-60hz-30pin-matte-display-for-dell-i7700/,J2CT2 LM270WF7-SSD1 SSD3 SSB1 27.0″ 1920×1080 FHD 60Hz 30pin Matte Display for DELL I7700,,LM270WF7-SSD1,,Replacement Laptop LCD LED Screen Display
https://www.shengruihk.com/product/lm270wf7-ssa1-27-0-no-touch-lcd-fhd-lvds-30pin-ips-matte-lg-display/,LM270WF7-SSA1 27.0″ No-Touch LCD FHD LVDS 30pin IPS Matte LG Display,,LM270WF7-SSA1,,Replacement Laptop LCD LED Screen Display
https://www.shengruihk.com/product/lm270wq6-ssa1-27-0-2560x1440-qhd-ips-matte-lvds-92pin-no-touch-display-for-dell-ultrasharp-2716d-aio/,LM270WQ6-SSA1 27.0″ 2560×1440 QHD IPS Matte LVDS 92pin No-Touch Display for Dell UltraSharp 2716D AIO,,LM270WQ6-SSA1,,Replacement Laptop LCD LED Screen Display
https://www.shengruihk.com/product/ltm270dl08-27-0-25601440-qhd-lvds-for-dell-xps-one-2710/,LTM270DL08 27.0″ 2560*1440 QHD LVDS for Dell XPS One 2710,,,Dell 2417H,Replacement Laptop LCD LED Screen Display
https://www.shengruihk.com/product/0x9hyg-1mkfc-5r8tv-lm238wf4-ssd1-23-8-fhd-lvds-30pins-display-for-dell-2417h/,0X9HYG/1MKFC/5R8TV LM238WF4-SSD1 23.8″ FHD LVDS 30pins Display for Dell 2417H,,,Dell 2417H,Replacement Laptop LCD LED Screen Display
https://www.shengruihk.com/product/ltm238hl06-23-8-fhd-ips-lvds-30pins-for-lenovo-thinkcentre-m920z-10s6/,LTM238HL06 23.8″ FHD IPS LVDS 30Pins for Lenovo ThinkCentre M920Z (10S6),,LTM238HL06,,Replacement Laptop LCD LED Screen Display
https://www.shengruihk.com/product/mv238qun-n20-23-8-3840-x-2160-4k-ips-matte-edp-30pins-for-hp-24w-hstnd-9531-a/,MV238QUN-N20 23.8″ 3840 X 2160 4K IPS Matte eDP 30pins for HP 24W HSTND-9531-A,,MV238QUN-N20,,Replacement Laptop LCD LED Screen Display
https://www.shengruihk.com/product/lm238wf2-ssm1-23-8-fhd-non-touch-lcd-display-for-lenovo-a340-24iwl-lenovo-3-24are0-3-24itl6-3-24are05/,LM238WF2-SSM1 23.8″ FHD Non-Touch LCD Display For Lenovo A340-24IWL Lenovo 3-24ARE0 3-24ITL6 3-24ARE05,,LM238WF2-SSM1,,Replacement Laptop LCD LED Screen Display
https://www.shengruihk.com/product/01ag967-hp-all-in-one-pc-model-24-10015na-df-series-replace-display-m238hca-l3b-l5-mv238fhm-n20-ltm238hl06-02-05/,01AG967 HP All in One PC Model 24-10015NA/DF Series Replace Display M238HCA-L3B/L5 MV238FHM-N20 LTM238HL06/02/05,,,HPAIO PC Model 24-10015NA/DF Series,Replacement Laptop LCD LED Screen Display
https://www.shengruihk.com/product/m238hca-l5z-23-8-fhd-lvds-30pins-matte-all-in-one-display-for-hp-eliteone-800-g6-aio/,M238HCA-L5Z 23.8″ FHD LVDS 30Pins Matte All in One Display for HP EliteOne 800 G6 AIO,,,HP EliteOne 800 G6 AIO,Replacement Laptop LCD LED Screen Display
https://www.shengruihk.com/product/fc3hy-m238han01-0-ltm230ht05-19201080-fhd-w-touch-display-for-for-dell-inspiron-24-3455/,FC3HY M238HAN01.0 LTM230HT05 1920*1080 FHD w/Touch Display for for Dell Inspiron 24-3455,,,Dell Inspiron 24-3455,Replacement Laptop LCD LED Screen Display
https://www.shengruihk.com/product/836104-001-lm238wr2-spa1-23-8-uhd-38402160-30pin-ips-non-touch-display-for-hp-envy-24-n/,836104-001 LM238WR2-SPA1 23.8″ UHD 3840*2160 30PIN IPS Non-Touch Display for Hp Envy 24-N,,,Hp Envy 24-N,Replacement Laptop LCD LED Screen Display
https://www.shengruihk.com/product/yxn48-lm238wf2-ssk3-2-1-23-8-fhd-lvds-30pin-ips-matte-for-acer-aspire-c24-865lenovo-aio520-24icb-aio/,YXN48 LM238WF2-SSK3/2/1 23.8″ FHD LVDS 30pin IPS Matte for ACER ASPIRE C24 865;Lenovo AIO520 24ICB AIO,,,"ACER ASPIRE C24 865 ,Lenovo AIO520 24ICB AIO;",Replacement Laptop LCD LED Screen Display
https://www.shengruihk.com/product/l17303-274-lm238wf5-ssh1-touch-display-1920x1080-fhd-matte-for-hp-24-k-24-k0024/,L17303-274 LM238WF5-SSH1 Touch Display 1920×1080 FHD Matte for HP 24-K 24-k0024,,,HP 24-K 24-k0024,Replacement Laptop LCD LED Screen Display
https://www.shengruihk.com/product/0pv92p-dell-optiplex-7450-23-8-fhd-lvds-30pin-ips-matte-locking-connector-lm238wf1-slk1-aio-screen/,0PV92P Dell OptiPlex 7450 23.8″ FHD LVDS 30pin IPS Matte Locking Connector LM238WF1-SLK1 AIO Screen,,,Dell OptiPlex 7450,Replacement Laptop LCD LED Screen Display
https://www.shengruihk.com/product/06n77f-075ct-mv238fhm-n10-fhd-lvds-30pin-ips-matte-un-locking-connector-for-dell-inspiron-7459-aio-dell-optiplex-7450/,06N77F 075CT MV238FHM-N10 FHD LVDS 30pin IPS Matte Un-Locking Connector for Dell Inspiron 7459 AIO/Dell OptiPlex 7450,,,Dell Inspiron 7459 AIO/Dell OptiPlex 7450/Optiplex 5480/Dell Inspiron 24 3452&3455,Replacement Laptop LCD LED Screen Display
https://www.shengruihk.com/product/l91416-002-lm238wf5-sse5-23-0-1920x1080-fhd-lvds-w-touch-ips-no-brackets-for-hp-eliteone-800-g524-df0056-24-dp0014/,L91416-002 LM238WF5-SSE5 23.0″ 1920×1080 FHD LVDS w/Touch IPS No Brackets for HP EliteOne 800 G5;24-DF0056 24-DP0014,,,HP EliteOne 800 G5;24-DF0056 24-DP0014,Replacement Laptop LCD LED Screen Display
https://www.shengruihk.com/product/lm238wf5-ssa1-23-8-1920x1080-30pin-ips-aio-panel-for-hp-aio-pavilion-24-qb0003in/,LM238WF5-SSA1 23.8″ 1920×1080 30PIN IPS AIO Panel for HP AIO Pavilion 24-QB0003IN,,,HP AIO Pavilion 24-QB0003IN,Replacement Laptop LCD LED Screen Display
https://www.shengruihk.com/product/01ag969-lm238wf5-ssa1-fhd-lvds-30pin-ips-matte-w-touch-for-lenovo-ideacentre-720-24ikb-aio-f0cm-f0cm0022au/,01AG969 LM238WF5-SSA1 FHD LVDS 30pin IPS Matte w/Touch for Lenovo IdeaCentre 720-24IKB AIO F0CM F0CM0022AU,,,Lenovo IdeaCentre 720-24IKB AIO F0CM F0CM0022AU,Replacement Laptop LCD LED Screen Display
https://www.shengruihk.com/product/854572-003-lm238wf5-ssa1-fhd-lvds-30pin-ips-matte-touch-for-hp-24-f0000ne-24-f0014-24-f006la-aio/,854572-003 LM238WF5-SSA1 FHD LVDS 30pin IPS Matte Touch for HP 24-F0000NE/24-F0014/24-F006LA AIO,,,HP 24-F0000NE AIO; 24-F0014 AIO; 24-F006LA AIO,Replacement Laptop LCD LED Screen Display
https://www.shengruihk.com/product/kl-23808-017-lm238wf5-ssa1-fhd-lvds-30pin-ips-matte-touch-for-acer-aspire-z24-890-ur11-aio/,KL.23808.017 LM238WF5-SSA1 FHD LVDS 30pin IPS Matte Touch for Acer Aspire Z24-890-UR11 AIO,,,Acer Aspire Z24-890-UR11 AIO,Replacement Laptop LCD LED Screen Display
https://www.shengruihk.com/product/1md2v-jptk1-7nthj-lm238wf5-ssa1-23-8-fhd-lvds-30pin-ips-matte-touch-for-dell-inspiron-24-5477-i5477-7491slv-aio/,1MD2V JPTK1 7NTHJ LM238WF5-SSA1 23.8″ FHD LVDS 30pin IPS Matte Touch for Dell Inspiron 24 (5477)/I5477-7491SLV AIO,,,Dell Inspiron 24 (5477)/I5477-7491SLV AIO,Replacement Laptop LCD LED Screen Display
https://www.shengruihk.com/product/18100-23800000-lm238wf5-ssa1-fhd-lvds-30pin-ips-matte-touch-for-asus-vivo-v241icgt-ba011t-aio-v241icut-05-06-aio-zen-zn242gdt/,18100-23800000 LM238WF5-SSA1 FHD LVDS 30pin IPS Matte Touch for Asus Vivo V241ICGT-BA011T AIO/V241ICUT-05 /06 AIO /ZEN ZN242GDT,,,,Replacement Laptop LCD LED Screen Display
https://www.shengruihk.com/product/dmfy0-0dmfy0-dell-latitude-3300-3310-replacement-lcd-screen-panel-13-3-hd-nt133whm-n46/,DMFY0 0DMFY0 Dell Latitude 3300/3310 Replacement LCD Screen Panel 13.3″ HD NT133WHM-N46,,,Dell Latitude 3300/3310,Replacement Laptop LCD LED Screen Display
https://www.shengruihk.com/product/18010-11601300-asus-11-6-hd-30-pin-led-lcd-display-non-touch-screen-18010-11621100-18010-11622300-18010-11630500/,18010-11601300 Asus 11.6 HD 30 PIN LED LCD Display Non-touch Screen 18010-11621100/18010-11622300/18010-11630500,,,,Replacement Laptop LCD LED Screen Display
https://www.shengruihk.com/product/01ag978-01ag977-lm238wf5-ssa3-lm238wf5-ssa2-touch-display-for-lenovo-thinkcentre-m920z-10s6-touch-2-0-aio/,01AG978/01AG977 LM238WF5-SSA3/LM238WF5-SSA2 Touch Display for Lenovo ThinkCentre M920Z (10S6) Touch 2.0 AIO,,,,Replacement Laptop LCD LED Screen Display
https://www.shengruihk.com/product/01ag986-5m10u49651-lenovo-ideacentre-a540-24icb-all-in-one-f0el-lm238wf5-sse1-fhd-touch-ips/,01AG986/5M10U49651 Lenovo Ideacentre A540-24ICB All-in-one (F0EL) LM238WF5-SSE1 FHD Touch IPS,,,,Replacement Laptop LCD LED Screen Display
https://www.shengruihk.com/product/l17303-272-l17303-273-hp-pavilion-24-qb0003in-aio-touch-display-lm238wf5-ssd1-lm238wf5-ssf1/,L17303-272/L17303-273 HP Pavilion 24-QB0003IN AIO Touch Display LM238WF5-SSD1/LM238WF5-SSF1,,,,Replacement Laptop LCD LED Screen Display
https://www.shengruihk.com/product/lm230wf5-tlf1-23-1920rgb1080-lvds-30pins-matte-aio-replacement-screen/,LM230WF5-TLF1 23“ 1920(RGB)*1080 LVDS 30Pins Matte AIO Replacement Screen,,,,Replacement Laptop LCD LED Screen Display
https://www.shengruihk.com/product/ltm230hl08-23-0-fhd-1920x1080-30pin-ips-for-hp-pavilion-all-in-one-23-q-series/,LTM230HL08 23.0″ FHD 1920×1080 30PIN IPS For HP Pavilion All-in-One 23-Q Series,,,,Replacement Laptop LCD LED Screen Display
https://www.shengruihk.com/product/01ag974-01ag963-lm230wf7-ssb2-ssc2-23-0-fhd-for-lenovo-ideacentre-510s-23isu-aio-screen-w-touch/,01AG974 01AG963 LM230WF7-SSB2/SSC2 23.0″ FHD For Lenovo Ideacentre 510S-23ISU AIO Screen w/ Touch,,,,Replacement Laptop LCD LED Screen Display
https://www.shengruihk.com/product/l42416-008-m215hca-l3b-19201080-non-touch-slim-for-lenovo-a4520-a815/,L42416-008 M215HCA-L3B 1920*1080 Non-touch Slim for Lenovo A4520 A815,,,,Replacement Laptop LCD LED Screen Display
https://www.shengruihk.com/product/m215han01-1-fhd-lvds-30pin-ips-matte-touch-for-hp-22-b058-68-78-62-72-720ds-aio-hp-22-c-l42416-007/,M215HAN01.1 FHD LVDS 30pin IPS Matte Touch for HP 22-B058/68/78/62/72/720DS AIO/HP 22-c l42416-007,,,,Replacement Laptop LCD LED Screen Display
https://www.shengruihk.com/product/xpkgk-mv215fhm-n30-fhd-ips-matte-touch-for-lenovo-520-22ik-dell-inspiron-3275/,XPKGK MV215FHM-N30 FHD IPS Matte Touch For Lenovo 520-22IK/Dell Inspiron 3275,,,,Replacement Laptop LCD LED Screen Display
https://www.shengruihk.com/product/01ag932-01ef442-01ag959-01ag920-mv215fhm-n40-fhd-no-touch-display-for-lenovo-thinkcentre-m820z-aio/,01AG932 01EF442 01AG959 01AG920 MV215FHM-N40 FHD No-Touch Display for Lenovo ThinkCentre M820z AIO,,,,Replacement Laptop LCD LED Screen Display
https://www.shengruihk.com/product/01ag987-lm215wfa-sse1-for-lenovo-ideacentre-21-5-fhd-touch-lcd-screen/,01AG987 LM215WFA-SSE1 for Lenovo IdeaCentre 21.5″ FHD Touch LCD Screen,,,,Replacement Laptop LCD LED Screen Display
https://www.shengruihk.com/product/804208-002-m200fge-l20-20-0-1600rgbx900-lvds-30pin-display-for-dell-optiplex-3011-lcd-screen/,804208-002 M200FGE-L20 20.0” 1600(RGB)×900 LVDS 30pin Display for Dell Optiplex 3011 LCD Screen,,,,Replacement Laptop LCD LED Screen Display
https://www.shengruihk.com/product/8ssd18c5221-10-1-lcd-touch-panel-tv101wum-nl6-for-lenovo-duet-chromebook-za6f0016us-duet-ct-x636f-za6f/,8SSD18C5221 10.1″ LCD TOUCH Panel TV101WUM-NL6 for Lenovo Duet Chromebook ZA6F0016US/DUET CT-X636F ZA6F,,,,Replacement Laptop LCD LED Screen Display
https://www.shengruihk.com/product/5d11f36012-11-0-nv110c9m-l60-v5-0-for-lenovo-duet-3-chromebook-82t6000eus/,5D11F36012 11.0″ NV110C9M-L60 V5.0 for Lenovo Duet 3 Chromebook 82T6000EUS,,,,Replacement Laptop LCD LED Screen Display
https://www.shengruihk.com/product/sd11c95581-5d11c95582-13-3-1920x1080-fhd-display-screen-atna33xc20-0-for-lenovo-duet-5-chromebook-82qs001hus/,SD11C95581 5D11C95582 13.3″ 1920X1080 FHD Display Screen ATNA33XC20-0 For Lenovo Duet 5 Chromebook 82QS001HUS,$100.00,,,Replacement Laptop LCD LED Screen Display
https://www.shengruihk.com/product/b156xtk02-0-b156xtk02-1-15-6-1366rgbx768-edp-40-pins-glossy-on-cell-touch-screen-display/,B156XTK02.0 B156XTK02.1 15.6″ 1366(RGB)×768 eDP 40 pins Glossy On-Cell Touch Screen Display,,,,Replacement Laptop LCD LED Screen Display
https://www.shengruihk.com/product/b140xtk02-1-b140xtk02-2-b140xtk02-3-14-0-1366rgbx768-edp-40-pins-matte-on-cell-touch-screen-display/,B140XTK02.1/B140XTK02.2/B140XTK02.3 14.0″ 1366(RGB)×768 eDP 40 pins Matte On-Cell Touch Screen Display,,,,Replacement Laptop LCD LED Screen Display
https://www.shengruihk.com/product/b116xtk01-0-11-6-hd-1366x768-edp-40-pins-laptop-lcd-touch-screen-panel/,B116XTK01.0 11.6″ HD 1366×768 eDP 40 Pins Laptop LCD Touch Screen Panel,,,,Replacement Laptop LCD LED Screen Display
https://www.shengruihk.com/product/lenovo-thinkpad-t550-t560-p50-p50s-oem-lcd-screen-nv156fhm-n42-00ht919-00ht920-00ht921/,Lenovo ThinkPad T550/T560/P50/P50S OEM LCD Screen NV156FHM-N42 00HT919 00HT920 00HT921,,,Lenovo ThinkPad T550/T560/P50/P50S,Replacement Laptop LCD LED Screen Display
https://www.shengruihk.com/product/atna60yv02-16-0-38402400-100-dci-p3-non-touch-diplay-screen-replacement-for-asus-proart-studiobook-pro-16-w7600/,ATNA60YV02 16.0″ 3840*2400 100% DCI-P3 Non-touch Diplay Screen Replacement for ASUS ProArt StudioBook Pro 16 W7600,$135.00,,ASUS ProArt StudioBook Pro 16 W7600,Replacement Laptop LCD LED Screen Display
https://www.shengruihk.com/product/atna60xb01-16-0-38402400-4k-non-touch-diplay-replacement-oled-screen/,ATNA60XB01 16.0″ 3840*2400 4K Non-touch Diplay Replacement OLED Screen,$140.00,,,Replacement Laptop LCD LED Screen Display
https://www.shengruihk.com/product/atna56yx02-0-15-6-19201080-fhd-slim-edp-30pin-ips-non-touch-oled-display-for-samsung-galaxy-book-pro-15-np950xdb/,ATNA56YX02-0 15.6″ 1920*1080 FHD Slim eDP 30pin IPS Non-touch OLED Display for Samsung Galaxy Book Pro 15 NP950XDB,$160.00,,Samsung Galaxy Book Pro 15 NP950XDB,Replacement Laptop LCD LED Screen Display
https://www.shengruihk.com/product/atna40yk07-0-oled-14-0-90hz-28801800-glossy-non-touch-display-for-asus-14-um3402ya-q409za-evo-i5256bl/,ATNA40YK07-0 OLED 14.0″ 90HZ 2880*1800 Glossy Non-Touch Display for Asus 14 UM3402YA Q409ZA-EVO.I5256BL,$138.00,,ASUS 14 UM3402YA Q409ZA-EVO.I5256BL,Replacement Laptop LCD LED Screen Display
https://www.shengruihk.com/product/atna40yk04-0-atna40yk09-0-samsung-lcd-screen-oled-14-0-28801800-edp-40pins-ips-glossy-for-asus-m3400-k3402-k3405-k6400/,ATNA40YK04-0 ATNA40YK09-0 Samsung LCD Screen OLED 14.0″ 2880*1800 eDP 40pins IPS Glossy for ASUS M3400 K3402 K3405 K6400,$130.00,,ASUS M3400 K3402 K3405 K6400,Replacement Laptop LCD LED Screen Display
https://www.shengruihk.com/product/atna33xc10-0-13-3-fhd-19201080-oled-glossy-for-samsung-galaxy-book2-pro-13-np930xed/,ATNA33XC10-0 13.3″ FHD 1920*1080 OLED Glossy for Samsung Galaxy Book2 Pro 13 NP930XED,$60.00,,Samsung Galaxy Book2 Pro 13 NP930XED,Replacement Laptop LCD LED Screen Display
https://www.shengruihk.com/product/atna33aa01-atna33aa03-0-oled-touch-screen-displaybezel-for-hp-envy-x360-13-bf-13t-bf-13-3-28801800-2-8k-edp-40pins-display/,ATNA33AA01 ATNA33AA03-0 OLED Touch Screen Display+Bezel for HP ENVY x360 13-BF 13T-BF 13.3″ 2880*1800 2.8K eDP 40Pins Display,$90.00,,HP ENVY x360 13-BF 13T-BF,Replacement Laptop LCD LED Screen Display
https://www.shengruihk.com/product/atna60yv04-atna60yv06-oled-display-16-0-3840x2400-non-touch-60hz-replacement-screen/,ATNA60YV04 ATNA60YV06 OLED Display 16.0″ 3840×2400 Non-touch 60Hz Replacement Screen,$140.00,,,Replacement Laptop LCD LED Screen Display
https://www.shengruihk.com/product/atna56yx03-0-18200-15601500-samsung-oled-15-6-19201080-fhd-slim-edp-30pin-ips-glossy-for-asus-vivobook-k513eq-pb79-pro-m3500-m6500qb/,ATNA56YX03-0 18200-15601500 Samsung OLED 15.6″ 1920*1080 FHD Slim eDP 30pin IPS Glossy for Asus Vivobook K513EQ-PB79 PRO M3500 M6500QB,$117.00,,Asus Vivobook K513EQ-PB79 PRO M3500 M6500QB,Replacement Laptop LCD LED Screen Display
https://www.shengruihk.com/product/atna45af01-0-oled-screen-for-asus-zenbook-pro-14-duo-oled-ux8402ze-14-5-qhd-2880x1800-edp-40pins-120hz-replacement-panel/,ATNA45AF01-0 OLED Screen for Asus ZenBook Pro 14 Duo OLED UX8402ZE 14.5″ QHD 2880×1800 EDP 40pins 120Hz Replacement Panel,$103.00,,Asus ZenBook Pro 14 Duo OLED UX8402ZE,Replacement Laptop LCD LED Screen Display
https://www.shengruihk.com/product/atna40yk04-0-atna40yk09-0-asus-m3400-k3402-k3405-k6400-samsung-oled-screen-14-0-28801800-edp-40pins-ips-glossy-display/,ATNA40YK04-0 ATNA40YK09-0 ASUS M3400 K3402 K3405 K6400 Samsung OLED Screen 14.0″ 2880*1800 eDP 40pins IPS Glossy Display,$138.00,,ASUS M3400 K3402 K3405 K6400,Replacement Laptop LCD LED Screen Display
https://www.shengruihk.com/product/atna33xc11-0-atna33xctp11-13-3-fhd-19201080-slim-edp-30pin-ips-glossy-for-asus-ux325e-zenbook-13-oled-um325/,ATNA33XC11-0 ATNA33XCTP11 13.3″ FHD 1920*1080 Slim eDP 30pin IPS Glossy for Asus UX325E/ZenBook 13 OLED UM325,$60.00,,Asus UX325E/ZenBook 13 OLED UM325,Replacement Laptop LCD LED Screen Display
https://www.shengruihk.com/product/5d10s75184-5d10t44445-lenovo-chromebook-14-14e-touch-14-fhd-40pins-r140nwf5-rc-lcd-touch-panel-oem-pull/,5D10S75184 5D10T44445 Lenovo Chromebook 14 14e (Touch) 14″ FHD 40Pins R140NWF5-RC LCD Touch Panel (OEM PULL),,,Lenovo Chromebook 14 14e (Touch),Replacement Laptop LCD LED Screen Display
https://www.shengruihk.com/product/5d10w87246-lenovo-thinkbook-14-g2-are-20vf-gen-2-14-fhd-ips-non-touch-lcd-display-screen-replacement/,5D10W87246 Lenovo ThinkBook 14 G2 are 20VF (Gen 2) 14″ FHD IPS Non-touch LCD Display Screen Replacement,,,Lenovo ThinkBook 14 G2 are 20VF (Gen 2),Replacement Laptop LCD LED Screen Display
https://www.shengruihk.com/product/28h80-replacement-lcd-screen-for-dell-oem-inspiron-15-5565-5567-15-6-fhd-30-pins-slim-panel/,28H80 Replacement LCD Screen for Dell OEM Inspiron 15 5565/5567 15.6″ FHD 30 Pins Slim Panel,,,Dell OEM Inspiron 15 5565 / 5567,Replacement Laptop LCD LED Screen Display
https://www.shengruihk.com/product/5nw15-for-dell-9420-2-in-1-14-0-2k-qhd-2560x1600-non-touch-screen-displays-b140qan03-0/,5NW15 for Dell 9420 2-in-1 14.0″ 2K QHD 2560×1600 Non-touch Screen Displays B140QAN03.0,,,Dell 9420 2-in-1,Replacement Laptop LCD LED Screen Display
https://www.shengruihk.com/product/2gmf6-for-dell-mobile-p-3560-15-6-19201080-non-touch-display-30-pins-ips-matte-nv156fhm-n4v/,2GMF6 for Dell Mobile P 3560 15.6″ 1920*1080 Non-Touch Display 30 Pins IPS Matte NV156FHM-N4V,,,Dell Mobile P 3560,Replacement Laptop LCD LED Screen Display
https://www.shengruihk.com/product/d2tnh-6ghx8-dell-latitude-3310-3330-touch-lcd-screen-13-3-fhd-1920-x-1080-40-pin-b133hak02-0/,D2TNH 6GHX8 Dell Latitude 3310 3330 Touch LCD Screen 13.3″ FHD 1920 X 1080 40 PIN B133HAK02.0,,,Dell Latitude 3310 3330,Replacement Laptop LCD LED Screen Display
https://www.shengruihk.com/product/asus-chromebook-c300sa-13-3-hd-1366x768-30pin-lcd-panel-tb-brackets-hb133wx1-402-01av671-01aw149-01aw150-18010-13360300/,Asus Chromebook C300SA 13.3″ HD 1366X768 30PIN LCD Panel (T&B BRACKETS) HB133WX1-402 01AV671 01AW149 01AW150 18010-13360300,,,Asus Chromebook C300SA,Replacement Laptop LCD LED Screen Display
https://www.shengruihk.com/product/kl-1160e-016-11-6-1366x768-wxga-glossy-40-pins-bracket-l-r-lcd-touchscreen-for-acer-chromebook-c736-c736t/,KL.1160E.016 11.6″ 1366X768 WXGA GLOSSY 40 Pins Bracket L/R LCD Touchscreen for Acer Chromebook C736 C736T,,,Acer Chromebook C736 C736T,Replacement Laptop LCD LED Screen Display
https://www.shengruihk.com/product/l46553-001-b140xtk01-2-touch-hd-slim-edp-40pin-for-hp-chromebook-14a-g5-14-db0025nr-14-db0060nr/,L46553-001 B140XTK01.2 Touch HD Slim eDP 40pin for HP Chromebook 14A G5/14-DB0025NR/14-DB0060NR,,,HP Chromebook 14A G5/HP Chromebook 14-DB0025NR/14-DB0060NR,Replacement Laptop LCD LED Screen Display
https://www.shengruihk.com/product/m52489-001-14-fhd-non-touch-30pins-1000-nits-lcd-panel-for-hp-eb-845-g8-series/,M52489-001 14″ FHD Non-Touch 30Pins 1000 NITS LCD Panel for HP EB 845 G8 Series,,,HP EB 845 G8 Series,Replacement Laptop LCD LED Screen Display
https://www.shengruihk.com/product/m83414-001-lm340rw2-ssa1-34-0-all-in-one-lcd-screen-5k-for-hp-envy-34-c0054-aio/,M83414-001 LM340RW2-SSA1 34.0″ All in One LCD Screen 5K for HP Envy 34-C0054 AIO,,,HP Envy 34-C0054 AIO,Replacement Laptop LCD LED Screen Display
https://www.shengruihk.com/product/dell-latitude-3140-2-in-1-lcd-panel-replacement-display-8n9kv/,Dell Latitude 3140 2-in-1 LCD Panel Replacement Display 8N9KV,,,Dell Latitude 3140 2-in-1,Replacement Laptop LCD LED Screen Display
https://www.shengruihk.com/product/3nm8d-21p46-dell-latitude-3120-2-in-1-touch-screen-panel-with-frame-and-boards-assembly/,3NM8D 21P46 Dell Latitude 3120 2-in-1 Touch Screen Panel with Frame and Boards Assembly,,,Dell Latitude 3120 2-in-1,Replacement Laptop LCD LED Screen Display
https://www.shengruihk.com/product/78fkj-dell-latitude-14-3410-14-0-1366768-nt140whm-n46-hd-display-led-screen/,78FKJ Dell Latitude 14 3410 14.0″ 1366*768 NT140WHM-N46 HD Display LED Screen,,,Dell Latitude 14 3410,Replacement Laptop LCD LED Screen Display
https://www.shengruihk.com/product/p129g-dell-latitude-14-3410-14-0-1920x1080-lcd-led-display-screennon-touch/,P129G Dell Latitude 14 3410 14.0″ 1920×1080 LCD LED Display Screen(Non-Touch),,,Dell Latitude 14 3410,Replacement Laptop LCD LED Screen Display
https://www.shengruihk.com/product/ft03f-led-lcd-screen-13-3-hd-30pins-n133bge-e31-for-dell-latitude-13-3380/,FT03F LED LCD Screen 13.3″ HD 30pins N133BGE-E31 for Dell Latitude 13 3380,,,Dell Latitude 13 3380,Replacement Laptop LCD LED Screen Display
https://www.shengruihk.com/product/lcd-touch-panel-for-dell-latitude-14-3440-14-0-1336768-40pins-screen-rgv87/,LCD Touch Panel for Dell Latitude 14 3440 14.0“ 1336*768 40pins Screen RGV87,,,Dell Latitude 14 3440,Replacement Laptop LCD LED Screen Display
https://www.shengruihk.com/product/atna56yx03-0-samsung-oled-15-6-19201080-30pins-glossy-for-asus-vivobook-k513eq-pb79-18200-15601500/,ATNA56YX03-0 Samsung OLED  15.6″ 1920*1080 30pins Glossy for Asus Vivobook K513EQ-PB79 18200-15601500,$117.00,,Asus Vivobook K513EQ-PB79,Replacement Laptop LCD LED Screen Display
https://www.shengruihk.com/product/atna40yk09-0-samsung-oled-screen13-3-28801800-400cd-m%c2%b2-edp-40pins-ips-glossy-for-asus-m3400-k3402-k3405-k6400/,ATNA40YK09-0 Samsung OLED Screen13.3″ 2880*1800 400cd/m² eDP 40pins IPS Glossy for ASUS M3400 K3402 K3405 K6400,$118.00,,ASUS M3400 K3402 K3405 K6400,Replacement Laptop LCD LED Screen Display
https://www.shengruihk.com/product/kl-1160e-010-kl-1160e-005-lcd-touch-screen-for-acer-chromebook-c732t-c733t-hp-chromebook-11-11a-g6-g7-g8-g9-ee-touch/,KL.1160E.010/KL.1160E.005 LCD Touch Screen for Acer Chromebook C732T C733T/HP Chromebook 11 11A G6 G7 G8 G9 EE Touch,,,Acer Chromebook C732T C733T,Replacement Laptop LCD LED Screen Display
https://www.shengruihk.com/product/j4mtv-2c7yd-dell-latitude-3310-2-in-1-13-3-replacement-lcd-screen-matte-n133bga-eab-b133xtn01-6/,J4MTV 2C7YD Dell Latitude 3310 2-in-1 13.3″ Replacement LCD screen Matte N133BGA-EAB B133XTN01.6,,,Dell Latitude 3310 2-in-1,Replacement Laptop LCD LED Screen Display
https://www.shengruihk.com/product/dell-latitude-3190-2-in-1-lcd-replacement-panel-screen-11-6-hd-nv116whm-a23/,Dell Latitude 3190 2-in-1 LCD Replacement Panel Screen 11.6″ HD NV116WHM-A23,,,Dell Latitude 3190 2-in-1,Replacement Laptop LCD LED Screen Display
https://www.shengruihk.com/product/025t0-lcd-screen-panel-14-0-nt140whm-n45-hd-for-dell-latitude-5400-display-replacement/,025T0 LCD Screen Panel 14.0″ NT140WHM-N45 HD for Dell Latitude 5400 Display Replacement,,,Dell Latitude 5400,Replacement Laptop LCD LED Screen Display
https://www.shengruihk.com/product/m195fge-l20-aio-lcd-screen-hd-1600x900-30pin-matte-touch-for-acer-aspire-z1-611/,M195FGE-L20 AIO LCD Screen 19.5″ 1600×900 30PIN Matte Touch For Acer Aspire Z1-611,,,,Replacement Laptop LCD LED Screen Display
https://www.shengruihk.com/product/01ag972-5m10u49675-lm270wq4-ssb3-25601440-92pin-for-lenovo-a540-27icb-f0ek000hus-a540-27icb/,01AG972 5M10U49675 LM270WQ4-SSB3 27.0″ 2560*1440 92pin For Lenovo A540-27ICB F0EK000HUS A540-27ICB,,,,Replacement Laptop LCD LED Screen Display
https://www.shengruihk.com/product/ltm200kt08-aio-lcd-screen-1600900-30pin-samsung-s20a300b-for-lenovo-aio-b320-c320-b325-c340/,LTM200KT08 AIO LCD Screen 20.0″ 1600*900 30pin Samsung S20A300B For Lenovo AIO B320 C320 B325 C340,,,,Replacement Laptop LCD LED Screen Display
https://www.shengruihk.com/product/lenovo-aio-lcd-display-01ag972-lm270wq4-ssb3-for-lenovo-idea-centre-520-27-27-qhd/,01AG972 LM270WQ4 SSB3 AIO 27″ QHD Display For Lenovo Idea Centre 520-27,,,,Replacement Laptop LCD LED Screen Display
https://www.shengruihk.com/product/23-8inch-boe-display-panel-2560x1440-boe-display-panel-mv238qhm-n10/,MV238QHM-N10 23.8 inches 2560X1440 BOE Display Panel For Lenovo P24-10h AIO Replacement,,,,Replacement Laptop LCD LED Screen Display
https://www.shengruihk.com/product/fru-01mn288-01mn289-02cw108-lm215wf3-sls1-fhd-for-lenovo-m810z-all-in-one/,01MN288 01MN289 02CW108 LM215WF3-SLS1 21.5 FHD For Lenovo M810z All-In-One,,,,Replacement Laptop LCD LED Screen Display
https://www.shengruihk.com/product/21-5inch-aio-lcd-screen-mv215fhm-n72-mv215fhm-n71-boe-fhd-non-touch/,21.5inch AIO LCD Screen MV215FHM-N72 MV215FHM-N71 BOE FHD Non-Touch,,,,Replacement Laptop LCD LED Screen Display
https://www.shengruihk.com/product/21-5-aio-lcd-screen-lm215wf9-ssa2-fhd-ips-matte-60hz-no-touch-for-hp-22-c0073w/,LM215WF9-SSA2 LCD Screen 21.5″ FHD IPS Matte 60Hz No-Touch For HP 22-C0073W AIO,,,,Replacement Laptop LCD LED Screen Display
https://www.shengruihk.com/product/lm215wf9-ssa1-aio-lcd-screen-fhd-lvds-30pin-ips-for-lenovo-520-22ikl-510-22ish-510-22asr-s4150/,LM215WF9-SSA1 AIO LCD Screen 21.5″ FHD LVDS 30PIN IPS For Lenovo 520-22IKL 510-22ISH 510-22ASR S4150,,,,Replacement Laptop LCD LED Screen Display
https://www.shengruihk.com/product/510-22asr-510-22ish-aio-lcd-screen-01ag960-lm215wfa-ssa1-fhd-lvds-30pin-ips-for-lenovo-idea-centre/,510-22ASR 510-22ISH 01AG960 LM215WFA-SSA1 AIO LCD Screen 21.5″ FHD LVDS 30pin IPS For Lenovo Idea Centre,,,,Replacement Laptop LCD LED Screen Display
https://www.shengruihk.com/product/r133nvfc-r7-p-n-l42697-nd2-13-3-fhd-lcd-panel-for-hp-elitebook-735-g6-830-g6/,L42697-ND2 LCD Panel Screen R133NVFC-R7 13.3″ FHD For HP Elitebook 735 G6 830 G6,,,,Replacement Laptop LCD LED Screen Display
https://www.shengruihk.com/product/fhd-laptop-led-screen-hp-ivo-r160nw41-r0-hp-p-n-m73491-n61/,M73491-N61 IVO R160NW41-R0 Laptop LED Screen for HP Replacement Screen,,,,Replacement Laptop LCD LED Screen Display
https://www.shengruihk.com/product/m133nvf3-r1-p-n-l04919-n31-laptop-led-screen-for-hp-elitebook-x360-1030-g2-g3/,L04919-N31 Laptop LED Screen Panel M133NVF3-R1 For HP EliteBook X360 1030 G2 G3,,,,Replacement Laptop LCD LED Screen Display
https://www.shengruihk.com/product/m133nvf3-r0-p-n-918023-n32-fhd-edp-40-pin-led-screen-ips-120hz-for-hp-envy-x360-13-ag/,M133NVF3-R0 918023-N32 FHD EDP 40 Pin LED LCD Screen IPS 120Hz For HP Envy X360 13-Ag,,,,Replacement Laptop LCD LED Screen Display
https://www.shengruihk.com/product/m133nvfc-r6-p-n-l62080-nd1-13-3fhd-edp-hp-elite-lcd-touch-screen-digitizer-assembly/,L62080-ND1 13.3″FHD LED Panel M133NVFC-R6 For HP Elite LCD Touch Scren Display,,,,Replacement Laptop LCD LED Screen Display
https://www.shengruihk.com/product/wuxga-lcd-panel-screen-ivo-m130nv42-r1-p-n-l49569-110-hp-elite-x2-g4/,L49569-110 LCD Panel Screen IVO M130NV42-R1 Replacement Display for HP Elite X2 G4,,,,Replacement Laptop LCD LED Screen Display
https://www.shengruihk.com/product/m133nvfc-r5-1-2-hp-835-g6-40-pin-paper-led-screen-l42696-nd2-laptop-lcd-replacement/,L42696-ND2 M133NVFC R5 for HP 835 G6 40 Pin LED Screen Panel Display Laptop LCD Replacement,,,,Replacement Laptop LCD LED Screen Display
https://www.shengruihk.com/product/m133nvf3-r2-laptop-led-screen-ivo-m133nvf3-r2-p-n-l29439-n31-hp-envy-x360-13-ar/,L29439-N31 IVO M133NVF3-R2 Laptop LED Screen Display for HP ENVY X360 13 AR,,,,Replacement Laptop LCD LED Screen Display
https://www.shengruihk.com/product/m140nvfa-r2-p-n-l42695-nd1-laptop-led-screen-hp-elitebook-x360-1040-g5-14-0/,L42695-ND1 14.0″ 1920*1080 M140NVFA-R2 Laptop LED Screen for HP EliteBook X360 1040 G5,,,,Replacement Laptop LCD LED Screen Display
https://www.shengruihk.com/product/m140nvf7-r2-hp-p-n-l15887-n91-laptop-led-screen-hp-x360-1040-g5-14-0/,L15887-N91 M140NVF7-R2 14.0″ FHD Laptop LED Screen Replacement for Hp X360 1040 G5,,,,Replacement Laptop LCD LED Screen Display
https://www.shengruihk.com/product/14-0-ips-slim-fhd-120hz-laptop-led-screen-m140nvf7-r0-1-7-for-hp-elitebook-g4-display-matrix-1920x1080-panel/,M140NVF7 R0 14.0″ 1920*1080 IPS Slim FHD 120hz Laptop LED Screen For HP EliteBook G4 Display Panel,,,,Replacement Laptop LCD LED Screen Display
https://www.shengruihk.com/product/14-hd-touch-chromebook-laptop-led-screen-nt140whm-t00-v8-2-digitizer/,14″ HD LCD Touch Digitizer Chromebook Laptop LED Screen NT140WHM-T00 V8.2,,,,Replacement Laptop LCD LED Screen Display
https://www.shengruihk.com/product/b140xtn07-5-30-pin-laptop-screen-for-hp-pn-m21392-001-lcd-display-raw-panel14-0-hd-ag/,M21392-001 B140XTN07.5 14.0 HD Laptop LCD Screen For HP Display Replacement,,,,Replacement Laptop LCD LED Screen Display
https://www.shengruihk.com/product/17-34k-edp40pin-laptop-screen-b173zan01-0-for-dell-precision-7720-3840x2160-uhd/,Laptop Screen Replacement Display B173ZAN01.0 17.3″ 3840X2160 UHD EDP 40PIN For Dell Precision 7720,,,,Replacement Laptop LCD LED Screen Display
https://www.shengruihk.com/product/b173zan06-1-b173zan06-9-b173zan06-8-4k-120hz-gaming-laptop-lcd-replacement/,B173ZAN06.1 B173ZAN06.9 B173ZAN06.8 17.3″ 4K UHD 120Hz Gaming Screen for Laptop LCD Replacement,,,,Replacement Laptop LCD LED Screen Display
https://www.shengruihk.com/product/m156nvf4-r0-l31997-001-laptop-led-screen-non-touch-15-6-fhd-1920x1080-120hz-40-pin/,L31997-001 M156NVF4 R0 Laptop LED Screen Non-Touch 15.6″ FHD 1920×1080 120Hz 40 Pin Display,,,,Replacement Laptop LCD LED Screen Display
https://www.shengruihk.com/product/ivo-x156nvf8-r1-p-n-m08134-nd1-15-6-30-pin-laptop-screen-hp-elitebook-850-g7-g8/,M08134-ND1 IVO X156NVF8 R1 15.6″ 30 Pin Laptop Screen Display for HP Elitebook 850 G7 G8,,,,Replacement Laptop LCD LED Screen Display
https://www.shengruihk.com/product/b156htn03-8-hw1b-laptop-lcd-screen-15-6-inch-lcd-panel-1920x1080-fhd-matte-30-pin-ips/,B156HTN03.8 Laptop 15.6″ LCD Screen PANEL 1920*1080 FHD MATTE 30 PIN IPS Display,,,,Replacement Laptop LCD LED Screen Display
https://www.shengruihk.com/product/nv156fhm-ny8-v8-2-15-6-laptop-led-screen-panel-for-lenovo-p-n-5d11j12408/,NV156FHM-NY8 V8.2 15.6 Laptop LED Screen Panel For Lenovo P/N 5D11J12408,,,,Replacement Laptop LCD LED Screen Display
https://www.shengruihk.com/product/30pins-laptop-led-screen-sd10w01584-nv156fhm-n48-v8-3-ips-fhd-matte-for-lenovo-fru/,SD10W01584 NV156FHM-N48 V8.3 LENOVO LCD Screen Panel 15.6 FHD Y540-15IRH-PG0 81SY,,,,Replacement Laptop LCD LED Screen Display
https://www.shengruihk.com/product/cgdy2-dell-15-6-fhd-360hz-40-pin-laptop-led-screen-display-for-gaming-laptop-lcd-replacement/,CGDY2 15.6 FHD 360HZ 40 Pin Laptop LED Screen Display For Dell Gaming Laptop LCD Replacement,,,,Replacement Laptop LCD LED Screen Display
https://www.shengruihk.com/product/lenovo-5d11b39776-b140hak03-2-hw8a-fhdi-ag-n140hcn-ea1-c7-lcd-touch-screen-14-fhd-40-pin-narrow/,5D11B39776 B140HAK03.2 N140HCN-EA1 14 FHD 40 Pin Narrow LCD Screen Display Panel,$70.00,,,Replacement Laptop LCD LED Screen Display
https://www.shengruihk.com/product/lenovo-chromebook-100e-gen3-amd-lcd-screen-replacement-5d10z90321-n116bge-ea2/,5D10Z90321 Lenovo Chromebook 100E Gen3 AMD LCD Screen Replacement N116BGE-EA2,,,,Replacement Laptop LCD LED Screen Display
